Symbol,Conf.,Open,High,Low,Close,VWAP,Vol,Prev. Close,Turnover,Trans.,Diff,Range,Diff %,Range %,VWAP %,120 Days,180 Days,52 Weeks High,52 Weeks Low,Trade Date
SHIVM,46.26,"1,650.00","1,659.90","1,610.00","1,621.00","1,639.03","51,789.00","1,625.00","84,883,535.90",591,-4.00,49.90,-0.25,3.10,-1.11,"1,503.09","1,501.87","1,910.00",691.00,09_01_2021
SHIVM,64.51,"1,417.00","1,430.00","1,389.00","1,405.00","1,409.90","25,093.00","1,390.00","35,378,647.30",259,15.00,41.00,1.08,2.95,-0.35,"1,496.46","1,485.14","1,910.00",728.00,11_03_2021
SHIVM,64.86,"1,417.00","1,430.00","1,389.00","1,405.00","1,409.90","25,093.00","1,390.00","35,378,647.30",259,15.00,41.00,1.08,2.95,-0.35,"1,496.46","1,485.14","1,910.00",728.00,11_05_2021
SHIVM,64.86,"1,417.00","1,430.00","1,389.00","1,405.00","1,409.90","25,093.00","1,390.00","35,378,647.30",259,15.00,41.00,1.08,2.95,-0.35,"1,496.46","1,485.14","1,910.00",728.00,11_06_2021
SHIVM,64.86,"1,417.00","1,430.00","1,389.00","1,405.00","1,409.90","25,093.00","1,390.00","35,378,647.30",259,15.00,41.00,1.08,2.95,-0.35,"1,496.46","1,485.14","1,910.00",728.00,11_07_2021
SHIVM,65.65,"1,407.00","1,420.00","1,381.00","1,397.00","1,397.08","15,915.00","1,405.00","22,234,589.20",126,-8.00,39.00,-0.57,2.82,-0.01,"1,495.70","1,483.96","1,910.00",735.00,11_08_2021
SHIVM,48.32,"1,397.00","1,397.00","1,315.10","1,344.00","1,336.46","17,666.00","1,397.00","23,609,929.60",274,-53.00,81.90,-3.79,6.23,0.56,"1,494.76","1,482.29","1,910.00",761.00,11_09_2021
SHIVM,45.66,"1,397.00","1,397.00","1,315.10","1,344.00","1,336.46","17,666.00","1,397.00","23,609,929.60",274,-53.00,81.90,-3.79,6.23,0.56,"1,494.76","1,482.29","1,910.00",761.00,11_10_2021
SHIVM,43.61,"1,317.50","1,328.00","1,288.00","1,295.00","1,301.77","23,981.00","1,344.00","31,217,820.50",288,-49.00,40.00,-3.65,3.11,-0.52,"1,493.03","1,480.43","1,910.00",788.00,11_11_2021
SHIVM,44.99,"1,317.50","1,328.00","1,288.00","1,295.00","1,301.77","23,981.00","1,344.00","31,217,820.50",288,-49.00,40.00,-3.65,3.11,-0.52,"1,493.03","1,480.43","1,910.00",788.00,11_12_2021
SHIVM,44.99,"1,317.50","1,328.00","1,288.00","1,295.00","1,301.77","23,981.00","1,344.00","31,217,820.50",288,-49.00,40.00,-3.65,3.11,-0.52,"1,493.03","1,480.43","1,910.00",788.00,11_13_2021
SHIVM,42.94,"1,275.00","1,319.00","1,275.00","1,312.00","1,308.80","8,822.00","1,295.00","11,546,242.50",137,17.00,44.00,1.31,3.45,0.24,"1,491.09","1,478.93","1,910.00",832.00,11_14_2021
SHIVM,39.60,"1,338.20","1,349.00","1,317.00","1,336.10","1,337.87","10,162.00","1,312.00","13,595,396.20",115,24.10,32.00,1.84,2.43,-0.13,"1,489.39","1,477.65","1,910.00",832.00,11_15_2021
SHIVM,40.66,"1,311.00","1,360.00","1,300.00","1,345.00","1,336.90","13,782.00","1,336.10","18,425,159.80",163,8.90,60.00,0.67,4.62,0.60,"1,487.93","1,476.55","1,910.00",832.00,11_16_2021
SHIVM,46.11,"1,355.00","1,380.00","1,345.10","1,345.10","1,354.55","19,936.00","1,345.00","27,004,222.00",219,0.10,34.90,0.01,2.59,-0.70,"1,486.33","1,475.44","1,910.00",832.00,11_17_2021
SHIVM,60.90,"1,349.00","1,355.00","1,318.00","1,323.00","1,333.72","15,031.00","1,345.10","20,047,212.20",165,-22.10,37.00,-1.64,2.81,-0.81,"1,484.62","1,474.08","1,910.00",832.00,11_18_2021
SHIVM,50.80,"1,349.00","1,355.00","1,318.00","1,323.00","1,333.72","15,031.00","1,345.10","20,047,212.20",165,-22.10,37.00,-1.64,2.81,-0.81,"1,484.62","1,474.08","1,910.00",832.00,11_19_2021
SHIVM,50.80,"1,349.00","1,355.00","1,318.00","1,323.00","1,333.72","15,031.00","1,345.10","20,047,212.20",165,-22.10,37.00,-1.64,2.81,-0.81,"1,484.62","1,474.08","1,910.00",832.00,11_20_2021
SHIVM,46.10,"1,301.00","1,400.00","1,298.00","1,374.00","1,361.69","27,269.00","1,323.00","37,132,041.80",331,51.00,102.00,3.85,7.86,0.90,"1,483.37","1,473.13","1,910.00",890.00,11_21_2021
SHIVM,50.60,"1,375.00","1,380.00","1,350.00","1,354.00","1,361.45","12,952.00","1,374.00","17,633,524.20",155,-20.00,30.00,-1.46,2.22,-0.55,"1,482.03","1,472.27","1,910.00",890.00,11_22_2021
SHIVM,45.98,"1,355.00","1,355.00","1,311.00","1,319.00","1,321.96","11,254.00","1,354.00","14,877,367.00",179,-35.00,44.00,-2.58,3.36,-0.22,"1,480.47","1,471.21","1,910.00",890.00,11_23_2021
SHIVM,39.86,"1,300.10","1,344.30","1,292.00","1,337.00","1,316.47","13,916.00","1,319.00","18,319,951.00",180,18.00,52.30,1.36,4.05,1.54,"1,479.07","1,470.31","1,910.00",915.00,11_24_2021
SHIVM,49.25,"1,344.90","1,344.90","1,315.00","1,320.00","1,323.28","7,120.00","1,337.00","9,421,784.00",107,-17.00,29.90,-1.27,2.27,-0.25,"1,477.69","1,469.41","1,910.00",990.00,11_25_2021
SHIVM,39.98,"1,344.90","1,344.90","1,315.00","1,320.00","1,323.28","7,120.00","1,337.00","9,421,784.00",107,-17.00,29.90,-1.27,2.27,-0.25,"1,477.69","1,469.41","1,910.00",990.00,11_26_2021
SHIVM,39.98,"1,344.90","1,344.90","1,315.00","1,320.00","1,323.28","7,120.00","1,337.00","9,421,784.00",107,-17.00,29.90,-1.27,2.27,-0.25,"1,477.69","1,469.41","1,910.00",990.00,11_27_2021
SHIVM,37.08,"1,312.00","1,340.00","1,250.00","1,263.00","1,277.24","22,784.00","1,320.00","29,100,633.90",282,-57.00,90.00,-4.32,7.20,-1.13,"1,475.89","1,468.28","1,910.00","1,049.00",11_28_2021
SHIVM,41.97,"1,288.00","1,300.00","1,241.00","1,260.00","1,267.59","11,482.00","1,263.00","14,554,506.00",182,-3.00,59.00,-0.24,4.75,-0.60,"1,473.97","1,467.01","1,910.00","1,049.00",11_29_2021
SHIVM,41.42,"1,242.00","1,300.00","1,241.00","1,255.00","1,251.80","15,340.00","1,260.00","19,202,672.20",171,-5.00,59.00,-0.40,4.75,0.25,"1,472.05","1,465.84","1,910.00","1,049.00",11_30_2021
SHIVM,39.08,"1,270.00","1,295.00","1,263.00","1,280.00","1,277.75","7,844.00","1,255.00","10,022,643.40",103,25.00,32.00,1.99,2.53,0.18,"1,470.55","1,465.19","1,910.00","1,091.00",12_01_2021
SHIVM,43.81,"1,271.00","1,275.00","1,235.00","1,245.00","1,247.84","13,804.00","1,280.00","17,225,187.00",188,-35.00,40.00,-2.73,3.24,-0.23,"1,468.80","1,464.21","1,910.00","1,134.00",12_02_2021
SHIVM,47.93,"1,271.00","1,275.00","1,235.00","1,245.00","1,247.84","13,804.00","1,280.00","17,225,187.00",188,-35.00,40.00,-2.73,3.24,-0.23,"1,468.80","1,464.21","1,910.00","1,134.00",12_03_2021
SHIVM,47.93,"1,271.00","1,275.00","1,235.00","1,245.00","1,247.84","13,804.00","1,280.00","17,225,187.00",188,-35.00,40.00,-2.73,3.24,-0.23,"1,468.80","1,464.21","1,910.00","1,134.00",12_04_2021
SHIVM,47.03,"1,225.00","1,247.90","1,220.10","1,228.00","1,229.84","14,899.00","1,245.00","18,323,331.00",149,-17.00,27.80,-1.37,2.28,-0.15,"1,466.53","1,463.32","1,910.00","1,134.00",12_05_2021
SHIVM,44.55,"1,206.20","1,250.00","1,206.00","1,243.10","1,225.82","14,686.00","1,228.00","18,002,328.00",178,15.10,44.00,1.23,3.65,1.39,"1,464.02","1,462.72","1,910.00","1,134.00",12_06_2021
SHIVM,47.87,"1,237.00","1,265.00","1,211.30","1,211.30","1,236.63","7,071.00","1,243.10","8,744,237.00",127,-31.80,53.70,-2.56,4.43,-2.09,"1,461.44","1,461.72","1,910.00","1,134.00",12_07_2021
SHIVM,38.94,"1,200.00","1,220.00","1,187.00","1,187.00","1,200.55","12,245.00","1,211.30","14,700,724.00",173,-24.30,33.00,-2.01,2.78,-1.14,"1,458.84","1,460.70","1,910.00","1,158.00",12_08_2021
SHIVM,39.98,"1,177.00","1,183.00","1,140.00","1,156.00","1,155.19","19,919.00","1,187.00","23,010,264.90",192,-31.00,43.00,-2.61,3.77,0.07,"1,455.49","1,459.66","1,910.00","1,140.00",12_09_2021
SHIVM,39.69,"1,177.00","1,183.00","1,140.00","1,156.00","1,155.19","19,919.00","1,187.00","23,010,264.90",192,-31.00,43.00,-2.61,3.77,0.07,"1,455.49","1,459.66","1,910.00","1,140.00",12_10_2021
SHIVM,39.69,"1,177.00","1,183.00","1,140.00","1,156.00","1,155.19","19,919.00","1,187.00","23,010,264.90",192,-31.00,43.00,-2.61,3.77,0.07,"1,455.49","1,459.66","1,910.00","1,140.00",12_11_2021
SHIVM,39.04,"1,138.00","1,156.00","1,101.00","1,104.00","1,127.85","18,492.00","1,156.00","20,856,287.00",203,-52.00,55.00,-4.50,5.00,-2.16,"1,451.03","1,458.23","1,910.00","1,101.00",12_12_2021
SHIVM,33.69,"1,082.00","1,120.00","1,027.00","1,027.90","1,063.71","37,461.00","1,104.00","39,847,488.90",334,-76.10,93.00,-6.89,9.06,-3.48,"1,446.13","1,456.50","1,910.00","1,027.00",12_13_2021
SHIVM,38.36,"1,048.00","1,129.90","1,030.00","1,129.80","1,083.44","11,204.00","1,027.90","12,138,844.00",139,101.90,99.90,9.91,9.70,4.10,"1,442.13","1,455.28","1,910.00","1,027.00",12_14_2021
SHIVM,41.54,"1,150.00","1,180.00","1,080.00","1,111.00","1,138.93","17,004.00","1,129.80","19,366,316.50",230,-18.80,100.00,-1.66,9.26,-2.51,"1,438.12","1,453.91","1,910.00","1,027.00",12_15_2021
SHIVM,41.82,"1,090.10","1,114.00","1,067.30","1,087.00","1,091.89","11,777.00","1,111.00","12,859,210.20",140,-24.00,46.70,-2.16,4.38,-0.45,"1,433.93","1,452.28","1,910.00","1,027.00",12_16_2021
SHIVM,43.34,"1,090.10","1,114.00","1,067.30","1,087.00","1,091.89","11,777.00","1,111.00","12,859,210.20",140,-24.00,46.70,-2.16,4.38,-0.45,"1,433.93","1,452.28","1,910.00","1,027.00",12_17_2021
SHIVM,43.34,"1,090.10","1,114.00","1,067.30","1,087.00","1,091.89","11,777.00","1,111.00","12,859,210.20",140,-24.00,46.70,-2.16,4.38,-0.45,"1,433.93","1,452.28","1,910.00","1,027.00",12_18_2021
SHIVM,43.34,"1,090.10","1,114.00","1,067.30","1,087.00","1,091.89","11,777.00","1,111.00","12,859,210.20",140,-24.00,46.70,-2.16,4.38,-0.45,"1,433.93","1,452.28","1,910.00","1,027.00",12_19_2021
SHIVM,40.66,"1,108.70","1,121.00","1,063.30","1,080.00","1,093.03","13,709.00","1,087.00","14,984,332.60",167,-7.00,57.70,-0.64,5.43,-1.21,"1,429.97","1,450.13","1,910.00","1,027.00",12_20_2021
SHIVM,46.83,"1,101.60","1,123.60","1,097.00","1,122.00","1,110.00","6,043.00","1,080.00","6,707,728.50",106,42.00,26.60,3.89,2.42,1.07,"1,426.47","1,447.92","1,910.00","1,027.00",12_21_2021
SHIVM,42.96,"1,140.00","1,234.20","1,132.00","1,234.20","1,211.06","29,030.00","1,122.00","35,156,968.50",306,112.20,102.20,10.00,9.03,1.88,"1,424.26","1,446.62","1,910.00","1,027.00",12_22_2021
SHIVM,54.35,"1,240.00","1,345.00","1,226.00","1,311.00","1,300.95","75,309.00","1,234.20","97,973,266.05",743,76.80,119.00,6.22,9.71,0.77,"1,423.03","1,445.76","1,910.00","1,027.00",12_23_2021
SHIVM,58.93,"1,240.00","1,345.00","1,226.00","1,311.00","1,300.95","75,309.00","1,234.20","97,973,266.05",743,76.80,119.00,6.22,9.71,0.77,"1,423.03","1,445.76","1,910.00","1,027.00",12_24_2021
SHIVM,58.93,"1,240.00","1,345.00","1,226.00","1,311.00","1,300.95","75,309.00","1,234.20","97,973,266.05",743,76.80,119.00,6.22,9.71,0.77,"1,423.03","1,445.76","1,910.00","1,027.00",12_25_2021
SHIVM,57.31,"1,337.20","1,441.00","1,311.00","1,441.00","1,392.13","111,489.00","1,311.00","155,207,339.30",900,130.00,130.00,9.92,9.92,3.39,"1,422.58","1,445.59","1,910.00","1,027.00",12_26_2021
SHIVM,57.83,"1,469.80","1,475.00","1,398.00","1,398.10","1,443.18","182,731.00","1,441.00","263,712,881.40","1,113",-42.90,77.00,-2.98,5.51,-3.22,"1,422.09","1,445.40","1,910.00","1,027.00",12_27_2021
SHIVM,58.65,"1,380.00","1,450.00","1,365.00","1,448.00","1,413.56","58,809.00","1,398.10","83,129,928.20",654,49.90,85.00,3.57,6.23,2.38,"1,422.17","1,445.54","1,910.00","1,027.00",12_28_2021
SHIVM,53.13,"1,448.00","1,501.40","1,428.00","1,480.00","1,476.07","84,044.00","1,448.00","124,055,049.80",826,32.00,73.40,2.21,5.14,0.27,"1,422.42","1,445.90","1,910.00","1,027.00",12_29_2021
SHIVM,55.02,"1,448.00","1,501.40","1,428.00","1,480.00","1,476.07","84,044.00","1,448.00","124,055,049.80",826,32.00,73.40,2.21,5.14,0.27,"1,422.42","1,445.90","1,910.00","1,027.00",12_30_2021
SHIVM,55.02,"1,448.00","1,501.40","1,428.00","1,480.00","1,476.07","84,044.00","1,448.00","124,055,049.80",826,32.00,73.40,2.21,5.14,0.27,"1,422.42","1,445.90","1,910.00","1,027.00",12_31_2021
SHIVM,55.02,"1,448.00","1,501.40","1,428.00","1,480.00","1,476.07","84,044.00","1,448.00","124,055,049.80",826,32.00,73.40,2.21,5.14,0.27,"1,422.42","1,445.90","1,910.00","1,027.00",01_01_2022
SHIVM,56.56,"1,480.00","1,538.00","1,451.10","1,526.00","1,511.36","155,477.00","1,480.00","234,981,678.80",863,46.00,86.90,3.11,5.99,0.96,"1,423.10","1,446.43","1,910.00","1,027.00",01_02_2022
SHIVM,53.55,"1,556.50","1,561.00","1,514.00","1,525.00","1,539.81","105,632.00","1,526.00","162,652,931.50",902,-1.00,47.00,-0.07,3.10,-0.97,"1,423.82","1,446.96","1,910.00","1,027.00",01_03_2022
SHIVM,54.27,"1,530.00","1,551.00","1,500.00","1,520.00","1,526.08","62,734.00","1,525.00","95,736,824.60",533,-5.00,51.00,-0.33,3.40,-0.40,"1,424.25","1,447.47","1,910.00","1,027.00",01_04_2022
SHIVM,48.47,"1,535.00","1,570.00","1,505.00","1,523.00","1,531.42","122,280.00","1,520.00","187,262,331.90",748,3.00,65.00,0.20,4.32,-0.55,"1,424.71","1,447.96","1,910.00","1,027.00",01_05_2022
SHIVM,50.05,"1,530.00","1,538.00","1,513.20","1,515.00","1,520.11","56,156.00","1,523.00","85,363,173.30",429,-8.00,24.80,-0.53,1.64,-0.34,"1,425.34","1,448.04","1,910.00","1,027.00",01_06_2022
SHIVM,44.83,"1,530.00","1,538.00","1,513.20","1,515.00","1,520.11","56,156.00","1,523.00","85,363,173.30",429,-8.00,24.80,-0.53,1.64,-0.34,"1,425.34","1,448.04","1,910.00","1,027.00",01_07_2022
SHIVM,44.83,"1,530.00","1,538.00","1,513.20","1,515.00","1,520.11","56,156.00","1,523.00","85,363,173.30",429,-8.00,24.80,-0.53,1.64,-0.34,"1,425.34","1,448.04","1,910.00","1,027.00",01_08_2022
SHIVM,45.31,"1,545.00","1,587.00","1,531.00","1,566.00","1,565.87","123,886.00","1,515.00","193,989,035.50","1,016",51.00,56.00,3.37,3.66,0.01,"1,426.13","1,448.56","1,910.00","1,027.00",01_09_2022
SHIVM,52.58,"1,566.00","1,584.00","1,540.00","1,545.00","1,558.64","79,845.00","1,566.00","124,449,335.50",618,-21.00,44.00,-1.34,2.86,-0.88,"1,426.39","1,449.00","1,910.00","1,027.00",01_10_2022
SHIVM,51.18,"1,533.00","1,559.90","1,520.00","1,522.00","1,539.46","64,479.00","1,545.00","99,262,589.00",574,-23.00,39.90,-1.49,2.63,-1.15,"1,426.71","1,449.37","1,910.00","1,027.00",01_11_2022
SHIVM,50.95,"1,522.40","1,539.00","1,490.00","1,490.30","1,512.96","62,686.00","1,522.00","94,841,420.10",685,-31.70,49.00,-2.08,3.29,-1.52,"1,426.84","1,449.61","1,910.00","1,027.00",01_12_2022
SHIVM,48.59,"1,500.00","1,525.00","1,485.00","1,507.00","1,504.13","33,383.00","1,490.30","50,212,362.10",337,16.70,40.00,1.12,2.69,0.19,"1,426.92","1,449.90","1,910.00","1,027.00",01_13_2022
SHIVM,46.74,"1,500.00","1,525.00","1,485.00","1,507.00","1,504.13","33,383.00","1,490.30","50,212,362.10",337,16.70,40.00,1.12,2.69,0.19,"1,426.92","1,449.90","1,910.00","1,027.00",01_14_2022
SHIVM,46.74,"1,500.00","1,525.00","1,485.00","1,507.00","1,504.13","33,383.00","1,490.30","50,212,362.10",337,16.70,40.00,1.12,2.69,0.19,"1,426.92","1,449.90","1,910.00","1,027.00",01_15_2022
SHIVM,47.94,"1,525.00","1,609.00","1,516.20","1,607.00","1,587.55","165,903.00","1,507.00","263,378,622.70","1,154",100.00,92.80,6.64,6.12,1.21,"1,428.11","1,450.81","1,910.00","1,027.00",01_16_2022
SHIVM,57.66,"1,639.10","1,671.80","1,580.00","1,635.00","1,639.05","128,877.00","1,607.00","211,235,916.20","1,048",28.00,91.80,1.74,5.81,-0.25,"1,429.52","1,451.90","1,910.00","1,027.00",01_17_2022
SHIVM,59.98,"1,667.70","1,667.70","1,573.20","1,590.00","1,599.67","89,859.00","1,635.00","143,744,898.50",720,-45.00,94.50,-2.75,6.01,-0.61,"1,430.61","1,452.71","1,910.00","1,027.00",01_18_2022
SHIVM,57.38,"1,600.00","1,604.00","1,553.00","1,558.00","1,570.31","61,410.00","1,590.00","96,432,914.30",706,-32.00,51.00,-2.01,3.28,-0.79,"1,431.45","1,453.51","1,910.00","1,027.00",01_19_2022
SHIVM,53.08,"1,560.00","1,598.00","1,540.00","1,565.00","1,570.26","40,462.00","1,558.00","63,536,012.10",497,7.00,58.00,0.45,3.77,-0.34,"1,432.11","1,454.29","1,910.00","1,027.00",01_20_2022
SHIVM,49.86,"1,560.00","1,598.00","1,540.00","1,565.00","1,570.26","40,462.00","1,558.00","63,536,012.10",497,7.00,58.00,0.45,3.77,-0.34,"1,432.11","1,454.29","1,910.00","1,027.00",01_21_2022
SHIVM,49.86,"1,560.00","1,598.00","1,540.00","1,565.00","1,570.26","40,462.00","1,558.00","63,536,012.10",497,7.00,58.00,0.45,3.77,-0.34,"1,432.11","1,454.29","1,910.00","1,027.00",01_22_2022
SHIVM,51.69,"1,580.00","1,594.00","1,550.00","1,557.10","1,575.37","44,642.00","1,565.00","70,327,655.30",415,-7.90,44.00,-0.50,2.84,-1.17,"1,432.46","1,455.22","1,910.00","1,027.00",01_23_2022
SHIVM,47.64,"1,545.00","1,560.00","1,492.00","1,499.00","1,520.16","58,304.00","1,557.10","88,631,205.20",637,-58.10,68.00,-3.73,4.56,-1.41,"1,432.34","1,456.00","1,910.00","1,027.00",01_24_2022
SHIVM,47.77,"1,499.00","1,528.00","1,475.00","1,487.00","1,501.60","37,953.00","1,499.00","56,990,184.50",437,-12.00,53.00,-0.80,3.59,-0.98,"1,432.26","1,456.20","1,910.00","1,027.00",01_25_2022
SHIVM,43.97,"1,482.00","1,508.00","1,460.00","1,490.00","1,485.71","38,160.00","1,487.00","56,694,515.40",445,3.00,48.00,0.20,3.29,0.29,"1,432.24","1,456.35","1,910.00","1,027.00",01_26_2022
SHIVM,42.40,"1,495.00","1,565.00","1,486.00","1,500.00","1,511.16","57,166.00","1,490.00","86,387,176.60",476,10.00,79.00,0.67,5.32,-0.74,"1,432.37","1,456.30","1,910.00","1,027.00",01_27_2022
SHIVM,43.82,"1,495.00","1,565.00","1,486.00","1,500.00","1,511.16","57,166.00","1,490.00","86,387,176.60",476,10.00,79.00,0.67,5.32,-0.74,"1,432.37","1,456.30","1,910.00","1,027.00",01_28_2022
SHIVM,43.82,"1,495.00","1,565.00","1,486.00","1,500.00","1,511.16","57,166.00","1,490.00","86,387,176.60",476,10.00,79.00,0.67,5.32,-0.74,"1,432.37","1,456.30","1,910.00","1,027.00",01_29_2022
SHIVM,45.02,"1,530.00","1,590.00","1,510.00","1,528.00","1,525.69","81,601.00","1,500.00","124,497,760.70",538,28.00,80.00,1.87,5.30,0.15,"1,432.04","1,456.14","1,910.00","1,027.00",01_30_2022
SHIVM,63.85,"1,550.00","1,550.00","1,493.00","1,503.00","1,509.92","35,191.00","1,528.00","53,135,422.20",331,-25.00,57.00,-1.64,3.82,-0.46,"1,431.66","1,456.00","1,910.00","1,027.00",01_31_2022
SHIVM,61.32,"1,508.00","1,510.00","1,490.00","1,496.00","1,502.77","25,534.00","1,503.00","38,371,671.10",299,-7.00,20.00,-0.47,1.34,-0.45,"1,431.12","1,455.79","1,910.00","1,027.00",02_01_2022
SHIVM,57.95,"1,508.00","1,510.00","1,490.00","1,496.00","1,502.77","25,534.00","1,503.00","38,371,671.10",299,-7.00,20.00,-0.47,1.34,-0.45,"1,431.12","1,455.79","1,910.00","1,027.00",02_02_2022
SHIVM,57.89,"1,524.00","1,524.00","1,470.00","1,470.00","1,489.40","57,741.00","1,496.00","85,999,213.70",488,-26.00,54.00,-1.74,3.67,-1.32,"1,430.52","1,455.57","1,910.00","1,027.00",02_03_2022
SHIVM,46.21,"1,524.00","1,524.00","1,470.00","1,470.00","1,489.40","57,741.00","1,496.00","85,999,213.70",488,-26.00,54.00,-1.74,3.67,-1.32,"1,430.52","1,455.57","1,910.00","1,027.00",02_04_2022
SHIVM,46.21,"1,524.00","1,524.00","1,470.00","1,470.00","1,489.40","57,741.00","1,496.00","85,999,213.70",488,-26.00,54.00,-1.74,3.67,-1.32,"1,430.52","1,455.57","1,910.00","1,027.00",02_05_2022
SHIVM,46.06,"1,470.00","1,498.00","1,459.00","1,471.00","1,474.60","20,436.00","1,470.00","30,134,939.00",279,1.00,39.00,0.07,2.67,-0.24,"1,429.89","1,455.48","1,910.00","1,027.00",02_06_2022
SHIVM,39.65,"1,480.00","1,499.00","1,466.20","1,472.10","1,479.36","18,833.00","1,471.00","27,860,758.60",201,1.10,32.80,0.07,2.24,-0.49,"1,429.25","1,455.57","1,910.00","1,027.00",02_07_2022
SHIVM,44.83,"1,501.50","1,528.00","1,486.00","1,493.10","1,503.30","56,032.00","1,472.10","84,233,112.50",439,21.00,42.00,1.43,2.83,-0.68,"1,428.69","1,455.51","1,910.00","1,027.00",02_08_2022
SHIVM,56.46,"1,522.00","1,522.00","1,490.00","1,503.00","1,508.48","52,411.00","1,493.10","79,061,155.20",434,9.90,32.00,0.66,2.15,-0.36,"1,428.34","1,455.28","1,910.00","1,027.00",02_09_2022
SHIVM,62.38,"1,501.00","1,525.00","1,491.20","1,506.20","1,510.34","53,977.00","1,503.00","81,523,761.80",433,3.20,33.80,0.21,2.27,-0.28,"1,428.00","1,455.09","1,910.00","1,027.00",02_10_2022
SHIVM,60.02,"1,501.00","1,525.00","1,491.20","1,506.20","1,510.34","53,977.00","1,503.00","81,523,761.80",433,3.20,33.80,0.21,2.27,-0.28,"1,428.00","1,455.09","1,910.00","1,027.00",02_11_2022
SHIVM,60.02,"1,501.00","1,525.00","1,491.20","1,506.20","1,510.34","53,977.00","1,503.00","81,523,761.80",433,3.20,33.80,0.21,2.27,-0.28,"1,428.00","1,455.09","1,910.00","1,027.00",02_12_2022
SHIVM,43.87,"1,390.00","1,480.00","1,390.00","1,407.00","1,413.72","37,741.00","1,401.00","53,355,237.90",347,6.00,90.00,0.43,6.47,-0.48,"1,425.83","1,453.71","1,910.00","1,027.00",02_14_2022
SHIVM,39.12,"1,424.00","1,427.00","1,400.00","1,420.00","1,410.45","13,276.00","1,407.00","18,725,148.80",159,13.00,27.00,0.92,1.93,0.67,"1,424.69","1,453.11","1,910.00","1,027.00",02_15_2022
SHIVM,42.33,"1,420.00","1,425.00","1,371.10","1,384.00","1,393.44","47,455.00","1,420.00","66,125,503.40",499,-36.00,53.90,-2.54,3.93,-0.68,"1,422.75","1,452.33","1,910.00","1,027.00",02_16_2022
SHIVM,40.62,"1,409.90","1,422.00","1,370.00","1,400.00","1,404.89","23,685.00","1,384.00","33,274,880.60",258,16.00,52.00,1.16,3.80,-0.35,"1,421.11","1,451.69","1,910.00","1,027.00",02_17_2022
SHIVM,46.78,"1,409.90","1,422.00","1,370.00","1,400.00","1,404.89","23,685.00","1,384.00","33,274,880.60",258,16.00,52.00,1.16,3.80,-0.35,"1,421.11","1,451.69","1,910.00","1,027.00",02_18_2022
SHIVM,46.78,"1,409.90","1,422.00","1,370.00","1,400.00","1,404.89","23,685.00","1,384.00","33,274,880.60",258,16.00,52.00,1.16,3.80,-0.35,"1,421.11","1,451.69","1,910.00","1,027.00",02_19_2022
SHIVM,46.35,"1,372.00","1,398.00","1,350.00","1,359.00","1,374.90","36,092.00","1,400.00","49,622,789.60",387,-41.00,48.00,-2.93,3.56,-1.17,"1,419.06","1,450.87","1,910.00","1,027.00",02_20_2022
SHIVM,42.37,"1,355.00","1,405.00","1,340.00","1,379.00","1,358.82","48,041.00","1,359.00","65,279,023.60",429,20.00,65.00,1.47,4.85,1.46,"1,416.97","1,450.17","1,910.00","1,027.00",02_21_2022
SHIVM,46.39,"1,389.00","1,390.00","1,357.00","1,374.00","1,375.57","31,944.00","1,379.00","43,941,269.40",351,-5.00,33.00,-0.36,2.43,-0.11,"1,413.48","1,449.55","1,910.00","1,027.00",02_22_2022
SHIVM,49.48,"1,393.00","1,393.00","1,342.00","1,349.00","1,352.91","22,109.00","1,374.00","29,911,469.00",314,-25.00,51.00,-1.82,3.80,-0.29,"1,409.72","1,448.83","1,910.00","1,027.00",02_23_2022
SHIVM,39.59,"1,340.00","1,358.90","1,300.00","1,313.00","1,318.79","39,436.00","1,349.00","52,007,704.80",514,-36.00,58.90,-2.67,4.53,-0.44,"1,406.08","1,447.84","1,910.00","1,027.00",02_24_2022
SHIVM,43.32,"1,340.00","1,358.90","1,300.00","1,313.00","1,318.79","39,436.00","1,349.00","52,007,704.80",514,-36.00,58.90,-2.67,4.53,-0.44,"1,406.08","1,447.84","1,910.00","1,027.00",02_25_2022
SHIVM,43.32,"1,340.00","1,358.90","1,300.00","1,313.00","1,318.79","39,436.00","1,349.00","52,007,704.80",514,-36.00,58.90,-2.67,4.53,-0.44,"1,406.08","1,447.84","1,910.00","1,027.00",02_26_2022
SHIVM,42.97,"1,300.00","1,330.00","1,265.40","1,273.00","1,286.40","53,100.00","1,313.00","68,307,866.50",662,-40.00,64.60,-3.05,5.11,-1.05,"1,402.53","1,446.66","1,910.00","1,027.00",02_27_2022
SHIVM,41.25,"1,274.00","1,298.40","1,226.10","1,235.00","1,242.27","76,521.00","1,273.00","95,059,937.90",892,-38.00,72.30,-2.99,5.90,-0.59,"1,398.81","1,445.41","1,910.00","1,027.00",02_28_2022
SHIVM,42.46,"1,274.00","1,298.40","1,226.10","1,235.00","1,242.27","76,521.00","1,273.00","95,059,937.90",892,-38.00,72.30,-2.99,5.90,-0.59,"1,398.81","1,445.41","1,910.00","1,027.00",03_01_2022
SHIVM,42.28,"1,229.00","1,229.00","1,157.00","1,168.00","1,173.99","104,239.00","1,235.00","122,375,832.80","1,159",-67.00,72.00,-5.43,6.22,-0.51,"1,394.38","1,443.82","1,910.00","1,027.00",03_02_2022
SHIVM,42.09,"1,229.00","1,229.00","1,157.00","1,168.00","1,173.99","104,239.00","1,235.00","122,375,832.80","1,159",-67.00,72.00,-5.43,6.22,-0.51,"1,394.38","1,443.82","1,910.00","1,027.00",03_03_2022
SHIVM,42.09,"1,229.00","1,229.00","1,157.00","1,168.00","1,173.99","104,239.00","1,235.00","122,375,832.80","1,159",-67.00,72.00,-5.43,6.22,-0.51,"1,394.38","1,443.82","1,910.00","1,027.00",03_04_2022
SHIVM,42.09,"1,229.00","1,229.00","1,157.00","1,168.00","1,173.99","104,239.00","1,235.00","122,375,832.80","1,159",-67.00,72.00,-5.43,6.22,-0.51,"1,394.38","1,443.82","1,910.00","1,027.00",03_05_2022
SHIVM,39.46,"1,144.70","1,160.00","1,074.00","1,085.00","1,115.24","136,546.00","1,168.00","152,282,022.60","1,914",-83.00,86.00,-7.11,8.01,-2.79,"1,389.88","1,441.51","1,910.00","1,027.00",03_06_2022
SHIVM,41.65,"1,085.00","1,123.00","1,030.00","1,107.00","1,090.66","253,914.00","1,085.00","276,932,863.50","1,428",22.00,93.00,2.03,9.03,1.48,"1,385.59","1,439.08","1,910.00","1,027.00",03_07_2022
SHIVM,41.51,"1,085.00","1,123.00","1,030.00","1,107.00","1,090.66","253,914.00","1,085.00","276,932,863.50","1,428",22.00,93.00,2.03,9.03,1.48,"1,385.59","1,439.08","1,910.00","1,027.00",03_08_2022
SHIVM,41.06,"1,107.00","1,135.00","1,086.00","1,097.00","1,100.82","52,474.00","1,107.00","57,764,319.50",616,-10.00,49.00,-0.90,4.51,-0.35,"1,381.64","1,436.73","1,910.00","1,027.00",03_09_2022
SHIVM,36.10,"1,100.00","1,154.90","1,090.00","1,150.00","1,121.93","48,796.00","1,097.00","54,745,756.70",553,53.00,64.90,4.83,5.95,2.44,"1,378.61","1,434.79","1,910.00","1,027.00",03_10_2022
SHIVM,42.64,"1,100.00","1,154.90","1,090.00","1,150.00","1,121.93","48,796.00","1,097.00","54,745,756.70",553,53.00,64.90,4.83,5.95,2.44,"1,378.61","1,434.79","1,910.00","1,027.00",03_11_2022
SHIVM,42.64,"1,100.00","1,154.90","1,090.00","1,150.00","1,121.93","48,796.00","1,097.00","54,745,756.70",553,53.00,64.90,4.83,5.95,2.44,"1,378.61","1,434.79","1,910.00","1,027.00",03_12_2022
SHIVM,44.59,"1,169.00","1,254.00","1,155.00","1,251.00","1,189.04","289,015.00","1,150.00","343,650,954.10","1,295",101.00,99.00,8.78,8.57,4.95,"1,375.50","1,433.08","1,910.00","1,027.00",03_13_2022
SHIVM,57.05,"1,276.00","1,276.00","1,228.00","1,240.00","1,244.97","36,478.00","1,251.00","45,414,197.90",446,-11.00,48.00,-0.88,3.91,-0.40,"1,372.76","1,430.86","1,910.00","1,027.00",03_14_2022
SHIVM,52.33,"1,245.00","1,246.00","1,180.00","1,200.00","1,209.25","75,639.00","1,240.00","91,466,644.00",891,-40.00,66.00,-3.23,5.59,-0.77,"1,370.11","1,428.55","1,910.00","1,027.00",03_15_2022
SHIVM,52.00,"1,200.00","1,209.00","1,180.10","1,189.00","1,192.42","34,289.00","1,200.00","40,886,860.70",425,-11.00,28.90,-0.92,2.45,-0.29,"1,367.39","1,426.21","1,910.00","1,027.00",03_16_2022
SHIVM,49.00,"1,200.00","1,209.00","1,180.10","1,189.00","1,192.42","34,289.00","1,200.00","40,886,860.70",425,-11.00,28.90,-0.92,2.45,-0.29,"1,367.39","1,426.21","1,910.00","1,027.00",03_17_2022
SHIVM,49.00,"1,200.00","1,209.00","1,180.10","1,189.00","1,192.42","34,289.00","1,200.00","40,886,860.70",425,-11.00,28.90,-0.92,2.45,-0.29,"1,367.39","1,426.21","1,910.00","1,027.00",03_18_2022
SHIVM,49.00,"1,200.00","1,209.00","1,180.10","1,189.00","1,192.42","34,289.00","1,200.00","40,886,860.70",425,-11.00,28.90,-0.92,2.45,-0.29,"1,367.39","1,426.21","1,910.00","1,027.00",03_19_2022
SHIVM,51.27,"1,198.00","1,198.00","1,160.00","1,165.00","1,169.07","40,183.00","1,189.00","46,976,560.30",418,-24.00,38.00,-2.02,3.28,-0.35,"1,363.73","1,423.84","1,910.00","1,027.00",03_20_2022
SHIVM,41.50,"1,165.00","1,179.00","1,145.00","1,160.00","1,160.02","75,314.00","1,165.00","87,366,017.30",623,-5.00,34.00,-0.43,2.97,0.00,"1,360.32","1,421.45","1,910.00","1,027.00",03_21_2022
SHIVM,47.23,"1,165.00","1,195.00","1,165.00","1,170.00","1,178.66","73,166.00","1,160.00","86,237,738.10",547,10.00,30.00,0.86,2.58,-0.74,"1,357.16","1,419.31","1,910.00","1,027.00",03_22_2022
SHIVM,44.11,"1,188.90","1,188.90","1,149.00","1,152.00","1,160.72","45,443.00","1,170.00","52,746,802.00",410,-18.00,39.90,-1.54,3.47,-0.76,"1,353.96","1,417.15","1,910.00","1,027.00",03_23_2022
SHIVM,45.14,"1,153.00","1,156.00","1,110.20","1,115.00","1,131.78","57,858.00","1,152.00","65,482,809.30",598,-37.00,45.80,-3.21,4.13,-1.51,"1,350.82","1,415.01","1,910.00","1,027.00",03_24_2022
SHIVM,45.14,"1,153.00","1,156.00","1,110.20","1,115.00","1,131.78","57,858.00","1,152.00","65,482,809.30",598,-37.00,45.80,-3.21,4.13,-1.51,"1,350.82","1,415.01","1,910.00","1,027.00",03_24_2022
SHIVM,43.07,"1,153.00","1,156.00","1,110.20","1,115.00","1,131.78","57,858.00","1,152.00","65,482,809.30",598,-37.00,45.80,-3.21,4.13,-1.51,"1,350.82","1,415.01","1,910.00","1,027.00",03_25_2022
SHIVM,43.07,"1,153.00","1,156.00","1,110.20","1,115.00","1,131.78","57,858.00","1,152.00","65,482,809.30",598,-37.00,45.80,-3.21,4.13,-1.51,"1,350.82","1,415.01","1,910.00","1,027.00",03_26_2022
SHIVM,42.42,"1,135.00","1,137.00","1,065.00","1,071.00","1,086.93","93,099.00","1,115.00","101,192,152.20",910,-44.00,72.00,-3.95,6.76,-1.49,"1,347.41","1,412.86","1,910.00","1,027.00",03_27_2022
SHIVM,38.90,"1,080.00","1,090.00","1,049.00","1,049.00","1,061.83","46,001.00","1,071.00","48,845,231.60",659,-22.00,41.00,-2.05,3.91,-1.22,"1,343.91","1,410.38","1,910.00","1,027.00",03_28_2022
SHIVM,39.07,"1,065.00","1,083.00","1,025.00","1,047.00","1,047.41","75,614.00","1,049.00","79,199,051.50",650,-2.00,58.00,-0.19,5.66,-0.04,"1,339.97","1,408.11","1,910.00","1,025.00",03_29_2022
SHIVM,37.42,"1,066.00","1,083.00","1,045.00","1,080.00","1,067.94","58,023.00","1,047.00","61,965,274.30",531,33.00,38.00,3.15,3.64,1.12,"1,336.68","1,406.11","1,910.00","1,025.00",03_30_2022
SHIVM,39.90,"1,085.00","1,091.00","1,055.00","1,057.00","1,068.34","36,699.00","1,080.00","39,207,008.00",472,-23.00,36.00,-2.13,3.41,-1.07,"1,333.57","1,403.93","1,910.00","1,025.00",03_31_2022
SHIVM,38.61,"1,085.00","1,091.00","1,055.00","1,057.00","1,068.34","36,699.00","1,080.00","39,207,008.00",472,-23.00,36.00,-2.13,3.41,-1.07,"1,333.57","1,403.93","1,910.00","1,025.00",04_01_2022
SHIVM,38.61,"1,085.00","1,091.00","1,055.00","1,057.00","1,068.34","36,699.00","1,080.00","39,207,008.00",472,-23.00,36.00,-2.13,3.41,-1.07,"1,333.57","1,403.93","1,910.00","1,025.00",04_02_2022
SHIVM,36.91,"1,058.00","1,059.90","1,048.00","1,050.00","1,052.44","15,639.00","1,057.00","16,459,135.40",250,-7.00,11.90,-0.66,1.14,-0.23,"1,330.72","1,401.74","1,910.00","1,025.00",04_03_2022
SHIVM,35.67,"1,060.00","1,070.00","1,042.10","1,050.00","1,053.76","27,220.00","1,050.00","28,683,356.30",360,0.00,27.90,0.00,2.68,-0.36,"1,327.97","1,399.58","1,910.00","1,025.00",04_04_2022
SHIVM,38.10,"1,050.00","1,055.00","1,028.00","1,040.00","1,041.09","46,212.00","1,050.00","48,110,830.60",550,-10.00,27.00,-0.95,2.63,-0.10,"1,324.74","1,397.20","1,910.00","1,025.00",04_05_2022
SHIVM,30.34,"1,035.00","1,075.00","1,031.00","1,054.00","1,055.14","50,336.00","1,040.00","53,111,721.30",441,14.00,44.00,1.35,4.27,-0.11,"1,321.98","1,394.90","1,910.00","1,025.00",04_06_2022
SHIVM,43.73,"1,065.00","1,076.00","1,057.30","1,061.00","1,067.10","47,470.00","1,054.00","50,655,408.30",537,7.00,18.70,0.66,1.77,-0.58,"1,319.50","1,392.80","1,910.00","1,025.00",04_07_2022
SHIVM,49.91,"1,065.00","1,076.00","1,057.30","1,061.00","1,067.10","47,470.00","1,054.00","50,655,408.30",537,7.00,18.70,0.66,1.77,-0.58,"1,319.50","1,392.80","1,910.00","1,025.00",04_08_2022
SHIVM,49.91,"1,065.00","1,076.00","1,057.30","1,061.00","1,067.10","47,470.00","1,054.00","50,655,408.30",537,7.00,18.70,0.66,1.77,-0.58,"1,319.50","1,392.80","1,910.00","1,025.00",04_09_2022
SHIVM,49.91,"1,065.00","1,076.00","1,057.30","1,061.00","1,067.10","47,470.00","1,054.00","50,655,408.30",537,7.00,18.70,0.66,1.77,-0.58,"1,319.50","1,392.80","1,910.00","1,025.00",04_10_2022
SHIVM,49.57,"1,082.00","1,103.00","1,026.00","1,027.00","1,048.69","56,103.00","1,061.00","58,834,765.90",609,-34.00,77.00,-3.20,7.50,-2.11,"1,316.77","1,390.33","1,910.00","1,025.00",04_11_2022
SHIVM,40.49,"1,028.00","1,045.00",992.00,999.00,"1,004.75","38,647.00","1,027.00","38,830,561.50",625,-28.00,53.00,-2.73,5.34,-0.58,"1,313.67","1,387.47","1,910.00",992.00,04_12_2022
SHIVM,37.23,"1,011.00","1,011.00",980.00,990.00,991.50,"85,058.00",999.00,"84,334,936.00",863,-9.00,31.00,-0.90,3.16,-0.15,"1,310.05","1,384.73","1,910.00",980.00,04_13_2022
SHIVM,40.99,"1,011.00","1,011.00",980.00,990.00,991.50,"85,058.00",999.00,"84,334,936.00",863,-9.00,31.00,-0.90,3.16,-0.15,"1,310.05","1,384.73","1,910.00",980.00,04_14_2022
SHIVM,40.99,"1,011.00","1,011.00",980.00,990.00,991.50,"85,058.00",999.00,"84,334,936.00",863,-9.00,31.00,-0.90,3.16,-0.15,"1,310.05","1,384.73","1,910.00",980.00,04_15_2022
SHIVM,40.99,"1,011.00","1,011.00",980.00,990.00,991.50,"85,058.00",999.00,"84,334,936.00",863,-9.00,31.00,-0.90,3.16,-0.15,"1,310.05","1,384.73","1,910.00",980.00,04_16_2022
SHIVM,43.57,"1,009.00","1,009.00",957.70,961.00,980.01,"34,280.00",990.00,"33,594,624.90",436,-29.00,51.30,-2.93,5.36,-1.98,"1,306.96","1,381.87","1,910.00",957.70,04_17_2022
SHIVM,33.99,961.00,972.00,920.00,938.00,936.01,"33,886.00",961.00,"31,717,644.70",558,-23.00,52.00,-2.39,5.65,0.21,"1,304.03","1,378.77","1,910.00",920.00,04_18_2022
SHIVM,33.13,934.00,960.20,919.00,949.00,945.14,"18,673.00",938.00,"17,648,558.00",297,11.00,41.20,1.17,4.48,0.41,"1,300.90","1,375.90","1,910.00",919.00,04_19_2022
SHIVM,33.44,941.00,954.50,910.00,911.00,926.50,"26,029.00",949.00,"24,115,883.10",396,-38.00,44.50,-4.00,4.89,-1.70,"1,297.90","1,372.82","1,910.00",910.00,04_20_2022
SHIVM,32.05,908.00,950.00,903.20,939.00,917.88,"22,686.00",911.00,"20,822,960.80",380,28.00,46.80,3.07,5.18,2.25,"1,295.64","1,369.93","1,910.00",903.20,04_21_2022
SHIVM,36.97,908.00,950.00,903.20,939.00,917.88,"22,686.00",911.00,"20,822,960.80",380,28.00,46.80,3.07,5.18,2.25,"1,295.64","1,369.93","1,910.00",903.20,04_22_2022
SHIVM,36.97,908.00,950.00,903.20,939.00,917.88,"22,686.00",911.00,"20,822,960.80",380,28.00,46.80,3.07,5.18,2.25,"1,295.64","1,369.93","1,910.00",903.20,04_23_2022
SHIVM,37.50,957.00,977.00,940.00,962.90,959.33,"122,609.00",939.00,"117,622,733.40",870,23.90,37.00,2.55,3.94,0.37,"1,293.04","1,367.18","1,910.00",903.20,04_24_2022
SHIVM,47.08,963.00,978.00,930.00,937.00,952.55,"69,506.00",962.90,"66,208,164.80",663,-25.90,48.00,-2.69,5.16,-1.66,"1,290.64","1,364.14","1,910.00",903.20,04_25_2022
SHIVM,42.89,949.00,955.50,929.00,934.00,941.63,"21,790.00",937.00,"20,518,057.00",223,-3.00,26.50,-0.32,2.85,-0.82,"1,287.91","1,360.91","1,910.00",903.20,04_26_2022
SHIVM,43.27,925.00,942.00,922.00,936.50,933.55,"19,401.00",934.00,"18,111,865.90",222,2.50,20.00,0.27,2.17,0.31,"1,284.76","1,357.70","1,910.00",903.20,04_27_2022
SHIVM,38.21,950.00,950.00,909.50,915.00,920.35,"39,571.00",936.50,"36,418,997.00",530,-21.50,40.50,-2.30,4.45,-0.58,"1,280.82","1,354.48","1,910.00",903.20,04_28_2022
SHIVM,34.17,950.00,950.00,909.50,915.00,920.35,"39,571.00",936.50,"36,418,997.00",530,-21.50,40.50,-2.30,4.45,-0.58,"1,280.82","1,354.48","1,910.00",903.20,04_29_2022
SHIVM,34.17,950.00,950.00,909.50,915.00,920.35,"39,571.00",936.50,"36,418,997.00",530,-21.50,40.50,-2.30,4.45,-0.58,"1,280.82","1,354.48","1,910.00",903.20,04_30_2022
SHIVM,34.17,950.00,950.00,909.50,915.00,920.35,"39,571.00",936.50,"36,418,997.00",530,-21.50,40.50,-2.30,4.45,-0.58,"1,280.82","1,354.48","1,910.00",903.20,05_01_2022
SHIVM,35.57,920.00,920.00,868.00,879.00,885.20,"48,039.00",915.00,"42,523,916.20",721,-36.00,52.00,-3.93,5.99,-0.70,"1,276.73","1,351.06","1,910.00",868.00,05_02_2022
SHIVM,37.58,920.00,920.00,868.00,879.00,885.20,"48,039.00",915.00,"42,523,916.20",721,-36.00,52.00,-3.93,5.99,-0.70,"1,276.73","1,351.06","1,910.00",868.00,05_03_2022
SHIVM,36.67,870.00,879.00,850.00,860.00,862.87,"27,476.00",879.00,"23,708,324.60",427,-19.00,29.00,-2.16,3.41,-0.33,"1,272.62","1,347.60","1,910.00",850.00,05_04_2022
SHIVM,31.92,860.00,868.00,843.00,855.00,849.87,"41,291.00",860.00,"35,092,173.30",391,-5.00,25.00,-0.58,2.97,0.60,"1,267.87","1,343.64","1,910.00",843.00,05_05_2022
SHIVM,32.04,860.00,868.00,843.00,855.00,849.87,"41,291.00",860.00,"35,092,173.30",391,-5.00,25.00,-0.58,2.97,0.60,"1,267.87","1,343.64","1,910.00",843.00,05_06_2022
SHIVM,32.04,860.00,868.00,843.00,855.00,849.87,"41,291.00",860.00,"35,092,173.30",391,-5.00,25.00,-0.58,2.97,0.60,"1,267.87","1,343.64","1,910.00",843.00,05_07_2022
SHIVM,32.04,846.00,860.00,838.50,848.00,846.40,"38,752.00",855.00,"32,799,804.30",337,-7.00,21.50,-0.82,2.56,0.19,"1,263.43","1,339.74","1,910.00",838.50,05_08_2022
SHIVM,34.38,855.00,867.00,850.00,850.00,857.45,"45,101.00",848.00,"38,671,992.40",461,2.00,17.00,0.24,2.00,-0.88,"1,258.93","1,335.80","1,910.00",838.50,05_09_2022
SHIVM,37.83,850.00,870.00,850.00,859.00,858.73,"36,614.00",850.00,"31,441,682.90",379,9.00,20.00,1.06,2.35,0.03,"1,254.38","1,332.00","1,910.00",838.50,05_10_2022
SHIVM,40.04,859.00,885.00,840.00,870.00,861.65,"78,441.00",859.00,"67,588,437.80",761,11.00,45.00,1.28,5.36,0.96,"1,249.99","1,328.24","1,910.00",838.50,05_11_2022
SHIVM,47.54,887.00,935.00,870.00,915.00,910.05,"122,046.00",870.00,"111,067,418.50","1,197",45.00,65.00,5.17,7.47,0.54,"1,246.42","1,324.72","1,910.00",838.50,05_12_2022
SHIVM,50.78,887.00,935.00,870.00,915.00,910.05,"122,046.00",870.00,"111,067,418.50","1,197",45.00,65.00,5.17,7.47,0.54,"1,246.42","1,324.72","1,910.00",838.50,05_13_2022
SHIVM,50.78,887.00,935.00,870.00,915.00,910.05,"122,046.00",870.00,"111,067,418.50","1,197",45.00,65.00,5.17,7.47,0.54,"1,246.42","1,324.72","1,910.00",838.50,05_14_2022
SHIVM,50.78,887.00,935.00,870.00,915.00,910.05,"122,046.00",870.00,"111,067,418.50","1,197",45.00,65.00,5.17,7.47,0.54,"1,246.42","1,324.72","1,910.00",838.50,05_15_2022
SHIVM,50.78,887.00,935.00,870.00,915.00,910.05,"122,046.00",870.00,"111,067,418.50","1,197",45.00,65.00,5.17,7.47,0.54,"1,246.42","1,324.72","1,910.00",838.50,05_16_2022
SHIVM,52.13,910.00,910.00,863.00,885.00,886.72,"41,319.00",915.00,"36,638,341.00",527,-30.00,47.00,-3.28,5.45,-0.19,"1,243.00","1,320.97","1,910.00",838.50,05_17_2022
SHIVM,47.93,870.00,895.00,857.00,884.00,875.44,"23,006.00",885.00,"20,140,316.10",333,-1.00,38.00,-0.11,4.43,0.97,"1,239.43","1,317.30","1,910.00",838.50,05_18_2022
SHIVM,46.39,875.00,889.00,855.00,858.00,866.95,"31,376.00",884.00,"27,201,488.70",367,-26.00,34.00,-2.94,3.98,-1.04,"1,235.45","1,313.47","1,910.00",838.50,05_19_2022
SHIVM,40.31,858.00,869.70,851.00,855.00,855.40,"15,615.00",858.00,"13,357,007.20",192,-3.00,18.70,-0.35,2.20,-0.05,"1,231.36","1,309.75","1,910.00",838.50,05_20_2022
SHIVM,27.10,858.00,869.70,851.00,855.00,855.40,"15,615.00",858.00,"13,357,007.20",192,-3.00,18.70,-0.35,2.20,-0.05,"1,231.36","1,309.75","1,910.00",838.50,05_21_2022
SHIVM,27.10,858.00,869.70,851.00,855.00,855.40,"15,615.00",858.00,"13,357,007.20",192,-3.00,18.70,-0.35,2.20,-0.05,"1,231.36","1,309.75","1,910.00",838.50,05_22_2022
SHIVM,26.85,855.00,855.00,830.00,834.90,835.81,"27,350.00",855.00,"22,859,445.80",370,-20.10,25.00,-2.35,3.01,-0.11,"1,227.11","1,305.81","1,910.00",830.00,05_23_2022
SHIVM,32.42,836.00,876.00,834.00,863.00,859.75,"16,623.00",834.90,"14,291,601.50",231,28.10,42.00,3.37,5.04,0.38,"1,223.28","1,301.96","1,910.00",830.00,05_24_2022
SHIVM,31.26,878.00,878.00,860.00,861.00,866.06,"12,699.00",863.00,"10,998,132.00",192,-2.00,18.00,-0.23,2.09,-0.59,"1,219.00","1,297.76","1,910.00",830.00,05_25_2022
SHIVM,37.93,860.00,873.90,853.00,864.90,861.37,"14,340.00",861.00,"12,352,034.10",186,3.90,20.90,0.45,2.45,0.41,"1,214.93","1,293.69","1,910.00",830.00,05_26_2022
SHIVM,39.30,875.00,875.00,845.40,860.00,853.55,"15,244.00",864.90,"13,011,534.00",211,-4.90,29.60,-0.57,3.50,0.75,"1,211.10","1,289.55","1,910.00",830.00,05_27_2022
SHIVM,41.73,875.00,875.00,845.40,860.00,853.55,"15,244.00",864.90,"13,011,534.00",211,-4.90,29.60,-0.57,3.50,0.75,"1,211.10","1,289.55","1,910.00",830.00,05_28_2022
SHIVM,41.73,875.00,875.00,845.40,860.00,853.55,"15,244.00",864.90,"13,011,534.00",211,-4.90,29.60,-0.57,3.50,0.75,"1,211.10","1,289.55","1,910.00",830.00,05_29_2022
SHIVM,41.20,860.00,880.00,830.00,830.00,844.11,"28,746.00",860.00,"24,264,787.50",372,-30.00,50.00,-3.49,6.02,-1.70,"1,206.88","1,285.11","1,910.00",830.00,05_30_2022
SHIVM,34.11,825.10,845.00,804.90,815.00,822.32,"28,675.00",830.00,"23,579,983.20",371,-15.00,40.10,-1.81,4.98,-0.90,"1,202.67","1,279.67","1,910.00",804.90,05_31_2022
SHIVM,33.94,830.00,830.00,801.00,805.00,811.66,"21,956.00",815.00,"17,820,899.60",239,-10.00,29.00,-1.23,3.62,-0.83,"1,198.85","1,274.15","1,910.00",801.00,06_01_2022
SHIVM,30.10,821.00,824.80,795.00,800.00,804.96,"26,633.00",805.00,"21,438,499.20",241,-5.00,29.80,-0.62,3.75,-0.62,"1,195.02","1,268.87","1,910.00",795.00,06_02_2022
SHIVM,27.62,796.00,803.00,780.00,792.00,790.35,"28,909.00",800.00,"22,848,284.30",382,-8.00,23.00,-1.00,2.95,0.21,"1,191.16","1,263.83","1,910.00",780.00,06_03_2022
SHIVM,30.44,796.00,803.00,780.00,792.00,790.35,"28,909.00",800.00,"22,848,284.30",382,-8.00,23.00,-1.00,2.95,0.21,"1,191.16","1,263.83","1,910.00",780.00,06_04_2022
SHIVM,30.44,796.00,803.00,780.00,792.00,790.35,"28,909.00",800.00,"22,848,284.30",382,-8.00,23.00,-1.00,2.95,0.21,"1,191.16","1,263.83","1,910.00",780.00,06_05_2022
SHIVM,30.01,800.00,803.00,780.10,790.00,793.58,"33,114.00",792.00,"26,278,593.20",289,-2.00,22.90,-0.25,2.94,-0.45,"1,187.08","1,258.88","1,910.00",780.00,06_06_2022
SHIVM,33.76,795.00,795.00,741.00,749.00,764.91,"41,936.00",790.00,"32,077,064.70",469,-41.00,54.00,-5.19,7.29,-2.12,"1,182.95","1,253.60","1,910.00",741.00,06_07_2022
SHIVM,31.22,760.00,786.50,735.00,779.00,767.65,"43,726.00",749.00,"33,566,292.10",420,30.00,51.50,4.01,7.01,1.46,"1,179.20","1,248.90","1,910.00",735.00,06_08_2022
SHIVM,38.30,784.00,802.70,765.00,773.00,785.64,"34,601.00",779.00,"27,184,036.30",431,-6.00,37.70,-0.77,4.93,-1.64,"1,175.29","1,244.19","1,910.00",735.00,06_09_2022
SHIVM,37.55,760.10,774.50,744.00,747.00,754.40,"41,421.00",773.00,"31,247,892.50",376,-26.00,30.50,-3.36,4.10,-0.99,"1,171.42","1,239.61","1,910.00",735.00,06_10_2022
SHIVM,34.76,760.10,774.50,744.00,747.00,754.40,"41,421.00",773.00,"31,247,892.50",376,-26.00,30.50,-3.36,4.10,-0.99,"1,171.42","1,239.61","1,910.00",735.00,06_11_2022
SHIVM,34.76,760.10,774.50,744.00,747.00,754.40,"41,421.00",773.00,"31,247,892.50",376,-26.00,30.50,-3.36,4.10,-0.99,"1,171.42","1,239.61","1,910.00",735.00,06_12_2022
SHIVM,34.49,750.00,758.00,724.00,725.60,733.63,"30,931.00",747.00,"22,691,990.90",400,-21.40,34.00,-2.86,4.70,-1.11,"1,167.57","1,235.23","1,910.00",724.00,06_13_2022
SHIVM,38.12,713.20,730.00,684.00,698.00,699.63,"66,776.00",725.60,"46,718,193.50",778,-27.60,46.00,-3.80,6.73,-0.23,"1,163.76","1,230.08","1,910.00",684.00,06_14_2022
SHIVM,35.13,698.00,710.00,674.10,697.00,689.13,"42,482.00",698.00,"29,275,778.70",535,-1.00,35.90,-0.14,5.33,1.13,"1,160.36","1,225.24","1,910.00",674.10,06_15_2022
SHIVM,34.81,695.00,724.00,686.00,701.00,705.34,"34,469.00",697.00,"24,312,303.30",371,4.00,38.00,0.57,5.54,-0.62,"1,157.64","1,220.70","1,910.00",674.10,06_16_2022
SHIVM,36.88,700.00,709.80,690.00,692.00,698.30,"17,783.00",701.00,"12,417,806.00",197,-9.00,19.80,-1.28,2.87,-0.91,"1,153.99","1,216.13","1,910.00",674.10,06_17_2022
SHIVM,34.06,700.00,709.80,690.00,692.00,698.30,"17,783.00",701.00,"12,417,806.00",197,-9.00,19.80,-1.28,2.87,-0.91,"1,153.99","1,216.13","1,910.00",674.10,06_18_2022
SHIVM,33.56,701.00,701.00,675.00,677.90,681.13,"16,083.00",692.00,"10,954,660.80",276,-14.10,26.00,-2.04,3.85,-0.48,"1,150.38","1,210.98","1,910.00",674.10,06_19_2022
SHIVM,33.88,678.00,686.00,660.00,668.00,668.54,"23,624.00",677.90,"15,793,490.70",351,-9.90,26.00,-1.46,3.94,-0.08,"1,146.89","1,205.97","1,910.00",660.00,06_20_2022
SHIVM,34.16,680.00,700.00,670.00,689.00,689.87,"42,106.00",668.00,"29,047,598.90",400,21.00,30.00,3.14,4.48,-0.13,"1,143.63","1,201.19","1,910.00",660.00,06_21_2022
SHIVM,40.31,690.00,693.00,676.00,682.00,681.69,"18,187.00",689.00,"12,397,978.20",241,-7.00,17.00,-1.02,2.51,0.04,"1,139.97","1,196.45","1,910.00",660.00,06_22_2022
SHIVM,33.81,668.50,679.00,654.00,672.00,664.09,"50,193.00",682.00,"33,332,601.40",371,-10.00,25.00,-1.47,3.82,1.18,"1,135.28","1,191.90","1,910.00",654.00,06_23_2022
SHIVM,55.66,826.00,834.00,778.40,783.00,802.54,"132,174.00",826.00,"106,075,305.90","1,309",-43.00,55.60,-5.21,7.14,-2.50,"1,075.18","1,153.88","1,910.00",654.00,07_05_2022
SHIVM,40.76,783.00,811.00,761.00,795.00,786.21,"98,484.00",783.00,"77,428,783.10",833,12.00,50.00,1.53,6.57,1.11,"1,068.75","1,150.77","1,910.00",654.00,07_06_2022
SHIVM,43.48,810.00,820.00,785.00,785.00,801.92,"77,979.00",795.00,"62,532,918.10",621,-10.00,35.00,-1.26,4.46,-2.16,"1,062.42","1,147.52","1,910.00",654.00,07_07_2022
SHIVM,33.58,800.00,800.70,750.00,750.00,765.78,"73,107.00",785.00,"55,983,555.40",656,-35.00,50.70,-4.46,6.76,-2.10,"1,055.99","1,143.77","1,910.00",654.00,07_08_2022
SHIVM,32.78,800.00,800.70,750.00,750.00,765.78,"73,107.00",785.00,"55,983,555.40",656,-35.00,50.70,-4.46,6.76,-2.10,"1,055.99","1,143.77","1,910.00",654.00,07_09_2022
SHIVM,32.78,800.00,800.70,750.00,750.00,765.78,"73,107.00",785.00,"55,983,555.40",656,-35.00,50.70,-4.46,6.76,-2.10,"1,055.99","1,143.77","1,910.00",654.00,07_10_2022
SHIVM,30.56,750.00,750.00,711.60,718.90,729.13,"89,268.00",750.00,"65,088,343.00",920,-31.10,38.40,-4.15,5.40,-1.42,"1,049.56","1,140.37","1,910.00",654.00,07_11_2022
SHIVM,32.53,730.00,749.00,710.00,735.60,733.57,"100,900.00",718.90,"74,017,535.20",702,16.70,39.00,2.32,5.49,0.28,"1,043.13","1,137.29","1,910.00",654.00,07_12_2022
SHIVM,31.51,749.00,774.00,742.00,768.00,761.11,"118,637.00",735.60,"90,295,329.50",778,32.40,32.00,4.40,4.31,0.90,"1,036.14","1,134.20","1,910.00",654.00,07_13_2022
SHIVM,-,775.00,790.00,752.00,765.00,769.01,"109,195.00",768.00,"83,971,516.10",745,-3.00,38.00,-0.39,5.05,-0.52,"1,028.89","1,131.38","1,910.00",654.00,07_14_2022
SHIVM,41.60,764.00,765.00,750.00,760.00,757.10,"52,797.00",765.00,"39,972,542.60",404,-5.00,15.00,-0.65,2.00,0.38,"1,021.97","1,128.88","1,910.00",654.00,07_15_2022
SHIVM,43.51,764.00,765.00,750.00,760.00,757.10,"52,797.00",765.00,"39,972,542.60",404,-5.00,15.00,-0.65,2.00,0.38,"1,021.97","1,128.88","1,910.00",654.00,07_16_2022
SHIVM,40.73,760.00,779.00,757.10,760.00,766.20,"48,949.00",760.00,"37,504,827.30",494,0.00,21.90,0.00,2.89,-0.82,"1,015.32","1,126.02","1,910.00",654.00,07_17_2022
SHIVM,35.41,764.00,780.00,743.90,765.00,767.51,"121,799.00",760.00,"93,481,522.20",668,5.00,36.10,0.66,4.85,-0.33,"1,008.66","1,123.47","1,910.00",654.00,07_18_2022
SHIVM,34.49,779.00,800.00,778.00,784.60,790.03,"202,235.00",765.00,"159,771,337.80","1,311",19.60,22.00,2.56,2.83,-0.69,"1,002.22","1,120.82","1,910.00",654.00,07_19_2022
SHIVM,39.70,798.00,847.00,785.70,815.00,815.69,"201,375.00",784.60,"164,259,917.70","1,723",30.40,61.30,3.87,7.80,-0.08,996.52,"1,118.04","1,910.00",654.00,07_20_2022
SHIVM,49.11,827.00,829.00,799.00,807.90,809.09,"220,002.00",815.00,"178,001,568.10","1,624",-7.10,30.00,-0.87,3.75,-0.15,990.86,"1,114.82","1,910.00",654.00,07_21_2022
SHIVM,47.27,810.00,810.00,775.00,777.00,784.92,"267,546.00",807.90,"210,002,473.00","1,987",-30.90,35.00,-3.82,4.52,-1.02,984.92,"1,111.53","1,910.00",654.00,07_22_2022
SHIVM,43.04,810.00,810.00,775.00,777.00,784.92,"267,546.00",807.90,"210,002,473.00","1,987",-30.90,35.00,-3.82,4.52,-1.02,984.92,"1,111.53","1,910.00",654.00,07_23_2022
SHIVM,40.24,792.00,794.00,769.90,789.00,780.99,"508,496.00",777.00,"397,131,057.40","2,624",12.00,24.10,1.54,3.13,1.02,978.99,"1,108.40","1,910.00",654.00,07_24_2022
SHIVM,41.55,804.70,840.00,800.00,838.00,826.44,"185,041.00",789.00,"152,925,678.40","1,840",49.00,40.00,6.21,5.00,1.38,973.24,"1,105.13","1,910.00",654.00,07_25_2022
SHIVM,46.10,830.00,840.00,805.00,811.00,819.95,"236,195.00",838.00,"193,667,260.00","2,117",-27.00,35.00,-3.22,4.35,-1.10,967.48,"1,101.97","1,910.00",654.00,07_26_2022
SHIVM,39.30,800.10,822.00,785.00,816.00,807.14,"222,280.00",811.00,"179,411,808.30","1,678",5.00,37.00,0.62,4.71,1.09,961.81,"1,098.78","1,910.00",654.00,07_27_2022
SHIVM,54.33,817.00,832.00,790.10,807.00,817.98,"193,935.00",816.00,"158,634,274.90","1,659",-9.00,41.90,-1.10,5.30,-1.36,956.28,"1,095.46","1,910.00",654.00,07_28_2022
SHIVM,52.78,811.00,812.00,795.00,798.00,800.86,"160,640.00",807.00,"128,649,812.30","1,095",-9.00,17.00,-1.12,2.14,-0.36,950.68,"1,092.13","1,910.00",654.00,07_29_2022
SHIVM,33.94,811.00,812.00,795.00,798.00,800.86,"160,640.00",807.00,"128,649,812.30","1,095",-9.00,17.00,-1.12,2.14,-0.36,950.68,"1,092.13","1,910.00",654.00,07_30_2022
SHIVM,31.52,800.00,821.90,798.30,818.00,812.23,"262,754.00",798.00,"213,416,860.10","1,848",20.00,23.60,2.51,2.96,0.71,945.23,"1,089.21","1,910.00",654.00,07_31_2022
SHIVM,45.55,834.00,864.00,825.00,848.00,843.66,"454,106.00",818.00,"383,111,042.00","3,192",30.00,39.00,3.67,4.73,0.51,939.85,"1,086.72","1,910.00",654.00,08_01_2022
SHIVM,56.14,850.00,860.00,819.40,828.00,829.66,"353,429.00",848.00,"293,227,156.10","2,515",-20.00,40.60,-2.36,4.95,-0.20,934.22,"1,084.03","1,910.00",654.00,08_02_2022
SHIVM,49.72,828.00,839.00,807.00,809.00,820.54,"308,859.00",828.00,"253,430,670.30","2,056",-19.00,32.00,-2.29,3.97,-1.43,928.41,"1,081.11","1,910.00",654.00,08_03_2022
SHIVM,46.57,808.00,829.00,798.00,805.10,807.61,"312,294.00",809.00,"252,211,269.50","2,216",-3.90,31.00,-0.48,3.88,-0.31,923.45,"1,078.11","1,910.00",654.00,08_04_2022
SHIVM,41.29,807.00,810.00,787.00,791.00,795.82,"196,817.00",805.10,"156,629,938.80","1,534",-14.10,23.00,-1.75,2.92,-0.61,918.32,"1,075.03","1,910.00",654.00,08_05_2022
SHIVM,36.11,807.00,810.00,787.00,791.00,795.82,"196,817.00",805.10,"156,629,938.80","1,534",-14.10,23.00,-1.75,2.92,-0.61,918.32,"1,075.03","1,910.00",654.00,08_06_2022
SHIVM,32.84,796.00,805.00,783.00,785.00,792.93,"175,276.00",791.00,"138,982,163.50","1,567",-6.00,22.00,-0.76,2.81,-1.01,913.02,"1,072.04","1,910.00",654.00,08_07_2022
SHIVM,32.81,800.00,800.00,758.00,764.00,775.19,"267,248.00",785.00,"207,168,935.90","2,302",-21.00,42.00,-2.68,5.54,-1.47,907.86,"1,068.65","1,910.00",654.00,08_08_2022
SHIVM,36.81,764.00,770.00,750.00,751.00,756.91,"172,912.00",764.00,"130,878,085.60","1,574",-13.00,20.00,-1.70,2.67,-0.79,902.45,"1,065.30","1,910.00",654.00,08_09_2022
SHIVM,32.61,766.00,766.00,740.00,747.00,749.98,"91,800.00",751.00,"68,848,102.90","1,011",-4.00,26.00,-0.53,3.51,-0.40,897.35,"1,062.12","1,910.00",654.00,08_10_2022
SHIVM,28.84,755.00,755.00,730.00,733.00,740.57,"98,296.00",747.00,"72,794,737.00","1,112",-14.00,25.00,-1.87,3.42,-1.03,891.97,"1,058.77","1,910.00",654.00,08_11_2022
SHIVM,27.39,755.00,755.00,730.00,733.00,740.57,"98,296.00",747.00,"72,794,737.00","1,112",-14.00,25.00,-1.87,3.42,-1.03,891.97,"1,058.77","1,910.00",654.00,08_12_2022
SHIVM,27.39,755.00,755.00,730.00,733.00,740.57,"98,296.00",747.00,"72,794,737.00","1,112",-14.00,25.00,-1.87,3.42,-1.03,891.97,"1,058.77","1,910.00",654.00,08_13_2022
SHIVM,23.91,730.00,743.90,705.20,707.00,720.11,"113,907.00",733.00,"82,025,754.60","1,217",-26.00,38.70,-3.55,5.49,-1.85,886.41,"1,055.36","1,910.00",654.00,08_14_2022
SHIVM,28.21,692.90,699.90,655.00,692.00,682.73,"307,958.00",707.00,"210,252,367.10","2,847",-15.00,44.90,-2.12,6.85,1.34,880.93,"1,052.19","1,910.00",654.00,08_15_2022
SHIVM,37.72,692.00,700.00,671.50,673.00,683.95,"126,987.00",692.00,"86,852,692.10","1,348",-19.00,28.50,-2.75,4.24,-1.63,875.60,"1,048.93","1,910.00",654.00,08_16_2022
SHIVM,26.60,659.60,683.00,658.00,673.90,673.72,"102,491.00",673.00,"69,050,229.30",889,0.90,25.00,0.13,3.80,0.03,870.61,"1,045.70","1,910.00",654.00,08_17_2022
SHIVM,27.68,672.00,688.30,670.00,682.00,680.03,"88,812.00",673.90,"60,394,473.50",803,8.10,18.30,1.20,2.73,0.29,866.00,"1,042.38","1,910.00",654.00,08_18_2022
SHIVM,35.43,672.00,688.30,670.00,682.00,680.03,"88,812.00",673.90,"60,394,473.50",803,8.10,18.30,1.20,2.73,0.29,866.00,"1,042.38","1,910.00",654.00,08_19_2022
SHIVM,35.43,672.00,688.30,670.00,682.00,680.03,"88,812.00",673.90,"60,394,473.50",803,8.10,18.30,1.20,2.73,0.29,866.00,"1,042.38","1,910.00",654.00,08_20_2022
SHIVM,35.43,695.00,695.00,677.00,680.00,681.00,"69,294.00",682.00,"47,189,466.80",605,-2.00,18.00,-0.29,2.66,-0.15,861.93,"1,039.24","1,836.00",654.00,08_21_2022
SHIVM,-,679.10,698.00,676.00,690.00,685.62,"80,690.00",680.00,"55,322,795.30",595,10.00,22.00,1.47,3.25,0.63,858.64,"1,036.25","1,836.00",654.00,08_22_2022
SHIVM,42.67,681.00,705.00,681.00,705.00,700.04,"62,503.00",690.00,"43,754,384.70",555,15.00,24.00,2.17,3.52,0.70,855.29,"1,033.26","1,836.00",654.00,08_23_2022
SHIVM,41.19,700.00,719.00,700.00,704.00,704.48,"43,897.00",705.00,"30,924,568.70",394,-1.00,19.00,-0.14,2.71,-0.07,852.01,"1,030.44","1,836.00",654.00,08_24_2022
SHIVM,40.97,705.00,706.00,685.00,685.00,691.28,"52,044.00",704.00,"35,976,847.30",502,-19.00,21.00,-2.70,3.07,-0.92,848.14,"1,027.65","1,754.00",654.00,08_25_2022
SHIVM,39.08,680.00,688.00,673.20,674.60,677.13,"49,343.00",685.00,"33,411,531.10",430,-10.40,14.80,-1.52,2.20,-0.37,843.34,"1,024.98","1,754.00",654.00,08_26_2022
SHIVM,35.63,680.00,688.00,673.20,674.60,677.13,"49,343.00",685.00,"33,411,531.10",430,-10.40,14.80,-1.52,2.20,-0.37,843.34,"1,024.98","1,754.00",654.00,08_27_2022
SHIVM,35.63,670.10,677.00,660.00,665.10,665.50,"107,500.00",674.60,"71,541,197.10",688,-9.50,17.00,-1.41,2.58,-0.06,838.55,"1,022.54","1,754.00",654.00,08_28_2022
SHIVM,35.58,677.00,689.90,661.10,677.00,670.75,"53,380.00",665.10,"35,804,700.20",425,11.90,28.80,1.79,4.36,0.92,834.19,"1,020.59","1,754.00",654.00,08_29_2022
SHIVM,32.33,684.00,685.00,670.00,670.10,673.37,"28,782.00",677.00,"19,380,978.80",241,-6.90,15.00,-1.02,2.24,-0.49,829.86,"1,018.04","1,705.00",654.00,08_30_2022
SHIVM,32.04,671.00,676.00,662.10,666.00,667.15,"45,970.00",670.10,"30,668,871.40",314,-4.10,13.90,-0.61,2.10,-0.17,825.70,"1,015.56","1,705.00",654.00,08_31_2022
SHIVM,34.95,667.00,674.00,660.00,670.00,665.76,"36,429.00",666.00,"24,252,842.10",316,4.00,14.00,0.60,2.12,0.63,821.62,"1,013.25","1,671.80",654.00,09_01_2022
SHIVM,35.87,676.00,680.00,664.20,664.20,668.47,"33,057.00",670.00,"22,097,516.20",196,-5.80,15.80,-0.87,2.38,-0.64,817.41,"1,010.94","1,671.80",654.00,09_02_2022
SHIVM,31.72,676.00,680.00,664.20,664.20,668.47,"33,057.00",670.00,"22,097,516.20",196,-5.80,15.80,-0.87,2.38,-0.64,817.41,"1,010.94","1,671.80",654.00,09_03_2022
SHIVM,31.22,677.40,677.40,665.00,666.00,667.78,"14,484.00",664.20,"9,672,117.80",203,1.80,12.40,0.27,1.86,-0.27,813.36,"1,008.40","1,671.80",654.00,09_04_2022
SHIVM,31.41,679.30,679.30,660.00,661.00,664.44,"26,045.00",666.00,"17,305,385.50",285,-5.00,19.30,-0.75,2.92,-0.52,809.57,"1,005.22","1,671.80",654.00,09_05_2022
SHIVM,33.63,661.00,665.00,657.00,659.00,659.27,"38,381.00",661.00,"25,303,588.80",309,-2.00,8.00,-0.30,1.22,-0.04,806.14,"1,001.60","1,671.80",654.00,09_06_2022
SHIVM,33.83,659.00,664.00,655.10,661.80,659.95,"26,778.00",659.00,"17,672,056.50",245,2.80,8.90,0.42,1.36,0.28,802.91,997.27,"1,671.80",654.00,09_07_2022
SHIVM,33.29,662.00,672.00,655.10,664.50,665.15,"27,551.00",661.80,"18,325,600.20",296,2.70,16.90,0.41,2.58,-0.10,799.73,993.19,"1,671.80",654.00,09_08_2022
SHIVM,35.10,662.00,672.00,655.10,664.50,665.15,"27,551.00",661.80,"18,325,600.20",296,2.70,16.90,0.41,2.58,-0.10,799.73,993.19,"1,671.80",654.00,09_09_2022
SHIVM,35.10,662.00,672.00,655.10,664.50,665.15,"27,551.00",661.80,"18,325,600.20",296,2.70,16.90,0.41,2.58,-0.10,799.73,993.19,"1,671.80",654.00,09_10_2022
SHIVM,34.48,659.00,670.00,657.00,658.00,660.37,"15,751.00",664.50,"10,401,517.00",174,-6.50,13.00,-0.98,1.98,-0.36,796.21,988.80,"1,671.80",654.00,09_11_2022
SHIVM,29.82,658.00,660.00,655.10,660.00,656.53,"27,894.00",658.00,"18,313,132.30",244,2.00,4.90,0.30,0.75,0.53,792.90,984.25,"1,671.80",654.00,09_12_2022
SHIVM,36.86,669.00,672.00,658.00,669.90,667.89,"23,937.00",660.00,"15,987,367.00",249,9.90,14.00,1.50,2.13,0.30,789.73,979.49,"1,671.80",654.00,09_13_2022
SHIVM,40.29,670.00,695.00,670.00,687.90,685.13,"32,797.00",669.90,"22,470,352.60",427,18.00,25.00,2.69,3.73,0.40,786.72,974.84,"1,671.80",654.00,09_14_2022
SHIVM,43.47,701.60,701.60,655.00,657.00,667.03,"65,713.00",687.90,"43,832,756.80",581,-30.90,46.60,-4.49,7.11,-1.53,783.52,970.05,"1,671.80",654.00,09_15_2022
SHIVM,41.11,643.90,652.00,620.00,639.00,641.85,"41,886.00",657.00,"26,884,550.10",395,-18.00,32.00,-2.74,5.16,-0.45,780.07,965.14,"1,671.80",620.00,09_16_2022
SHIVM,34.63,643.90,652.00,620.00,639.00,641.85,"41,886.00",657.00,"26,884,550.10",395,-18.00,32.00,-2.74,5.16,-0.45,780.07,965.14,"1,671.80",620.00,09_17_2022
SHIVM,32.71,639.00,643.90,621.00,621.00,629.32,"30,597.00",639.00,"19,255,224.70",397,-18.00,22.90,-2.82,3.69,-1.34,776.40,960.17,"1,671.80",620.00,09_18_2022
SHIVM,25.20,639.00,643.90,621.00,621.00,629.32,"30,597.00",639.00,"19,255,224.70",397,-18.00,22.90,-2.82,3.69,-1.34,776.40,960.17,"1,671.80",620.00,09_19_2022
SHIVM,25.58,621.20,621.20,602.00,605.10,607.32,"37,914.00",621.00,"23,026,026.00",410,-15.90,19.20,-2.56,3.19,-0.37,772.88,954.83,"1,671.80",602.00,09_20_2022
SHIVM,25.58,610.00,624.00,605.00,607.00,610.98,"23,747.00",605.10,"14,509,014.20",267,1.90,19.00,0.31,3.14,-0.66,769.62,949.62,"1,671.80",602.00,09_21_2022
SHIVM,25.81,607.00,617.00,603.00,612.00,609.85,"17,704.00",607.00,"10,796,769.10",190,5.00,14.00,0.82,2.32,0.35,766.47,944.57,"1,671.80",602.00,09_22_2022
SHIVM,27.02,607.00,617.00,603.00,612.00,609.85,"17,704.00",607.00,"10,796,769.10",190,5.00,14.00,0.82,2.32,0.35,766.47,944.57,"1,671.80",602.00,09_23_2022
SHIVM,27.02,607.00,617.00,603.00,612.00,609.85,"17,704.00",607.00,"10,796,769.10",190,5.00,14.00,0.82,2.32,0.35,766.47,944.57,"1,671.80",602.00,09_24_2022
SHIVM,24.87,603.60,610.00,593.00,594.00,601.23,"22,865.00",612.00,"13,747,024.50",320,-18.00,17.00,-2.94,2.87,-1.22,763.41,939.59,"1,671.80",593.00,09_25_2022
SHIVM,28.50,603.60,610.00,593.00,594.00,601.23,"22,865.00",612.00,"13,747,024.50",320,-18.00,17.00,-2.94,2.87,-1.22,763.41,939.59,"1,671.80",593.00,09_26_2022
SHIVM,29.25,605.00,605.00,592.00,594.00,599.33,"18,601.00",594.00,"11,148,078.00",216,0.00,13.00,0.00,2.20,-0.90,760.54,934.51,"1,671.80",592.00,09_27_2022
SHIVM,32.72,595.00,614.80,595.00,600.00,604.71,"9,969.00",594.00,"6,028,343.10",144,6.00,19.80,1.01,3.33,-0.78,757.63,928.92,"1,671.80",592.00,09_28_2022
SHIVM,32.22,609.80,611.60,601.00,605.00,604.39,"19,307.00",600.00,"11,668,878.70",213,5.00,10.60,0.83,1.76,0.10,755.08,923.20,"1,671.80",592.00,09_29_2022
SHIVM,34.54,609.80,611.60,601.00,605.00,604.39,"19,307.00",600.00,"11,668,878.70",213,5.00,10.60,0.83,1.76,0.10,755.08,923.20,"1,671.80",592.00,09_30_2022
SHIVM,34.54,609.80,611.60,601.00,605.00,604.39,"19,307.00",600.00,"11,668,878.70",213,5.00,10.60,0.83,1.76,0.10,755.08,923.20,"1,671.80",592.00,10_01_2022
SHIVM,34.54,609.80,611.60,601.00,605.00,604.39,"19,307.00",600.00,"11,668,878.70",213,5.00,10.60,0.83,1.76,0.10,755.08,923.20,"1,671.80",592.00,10_02_2022
SHIVM,34.54,609.80,611.60,601.00,605.00,604.39,"19,307.00",600.00,"11,668,878.70",213,5.00,10.60,0.83,1.76,0.10,755.08,923.20,"1,671.80",592.00,10_03_2022
SHIVM,34.54,609.80,611.60,601.00,605.00,604.39,"19,307.00",600.00,"11,668,878.70",213,5.00,10.60,0.83,1.76,0.10,755.08,923.20,"1,671.80",592.00,10_04_2022
SHIVM,34.54,609.80,611.60,601.00,605.00,604.39,"19,307.00",600.00,"11,668,878.70",213,5.00,10.60,0.83,1.76,0.10,755.08,923.20,"1,671.80",592.00,10_05_2022
SHIVM,34.54,609.80,611.60,601.00,605.00,604.39,"19,307.00",600.00,"11,668,878.70",213,5.00,10.60,0.83,1.76,0.10,755.08,923.20,"1,671.80",592.00,10_06_2022
SHIVM,34.54,609.80,611.60,601.00,605.00,604.39,"19,307.00",600.00,"11,668,878.70",213,5.00,10.60,0.83,1.76,0.10,755.08,923.20,"1,671.80",592.00,10_07_2022
SHIVM,34.54,609.80,611.60,601.00,605.00,604.39,"19,307.00",600.00,"11,668,878.70",213,5.00,10.60,0.83,1.76,0.10,755.08,923.20,"1,671.80",592.00,10_08_2022
SHIVM,37.33,617.00,635.00,610.00,633.50,621.39,"28,620.00",605.00,"17,784,254.00",238,28.50,25.00,4.71,4.10,1.91,752.54,917.88,"1,671.80",592.00,10_09_2022
SHIVM,46.38,635.00,643.00,610.00,615.00,627.22,"26,316.00",633.50,"16,505,819.90",346,-18.50,33.00,-2.92,5.41,-1.99,749.64,912.64,"1,671.80",592.00,10_10_2022
SHIVM,45.35,615.00,625.00,606.60,612.00,611.15,"16,944.00",615.00,"10,355,271.60",159,-3.00,18.40,-0.49,3.03,0.14,746.93,907.35,"1,671.80",592.00,10_11_2022
SHIVM,42.25,622.00,625.00,607.00,615.20,616.26,"23,424.00",612.00,"14,435,190.60",216,3.20,18.00,0.52,2.97,-0.17,744.27,902.12,"1,671.80",592.00,10_12_2022
SHIVM,43.67,620.00,639.00,620.00,638.00,630.39,"46,189.00",615.20,"29,117,109.90",371,22.80,19.00,3.71,3.06,1.19,741.79,897.33,"1,671.80",592.00,10_13_2022
SHIVM,46.99,620.00,639.00,620.00,638.00,630.39,"46,189.00",615.20,"29,117,109.90",371,22.80,19.00,3.71,3.06,1.19,741.79,897.33,"1,671.80",592.00,10_14_2022
SHIVM,46.99,620.00,639.00,620.00,638.00,630.39,"46,189.00",615.20,"29,117,109.90",371,22.80,19.00,3.71,3.06,1.19,741.79,897.33,"1,671.80",592.00,10_15_2022
SHIVM,47.12,650.70,653.80,632.00,650.00,646.16,"46,411.00",638.00,"29,989,102.30",446,12.00,21.80,1.88,3.45,0.59,739.58,892.68,"1,671.80",592.00,10_16_2022
SHIVM,48.19,650.00,652.00,640.00,641.50,645.45,"21,795.00",650.00,"14,067,576.10",224,-8.50,12.00,-1.31,1.88,-0.62,737.60,887.97,"1,671.80",592.00,10_17_2022
SHIVM,43.29,650.00,652.00,640.00,641.50,645.45,"21,795.00",650.00,"14,067,576.10",224,-8.50,12.00,-1.31,1.88,-0.62,737.60,887.97,"1,671.80",592.00,10_18_2022
SHIVM,42.48,638.00,641.00,620.20,626.00,627.18,"21,038.00",641.50,"13,194,700.00",239,-15.50,20.80,-2.42,3.35,-0.19,735.65,883.11,"1,671.80",592.00,10_19_2022
SHIVM,41.94,613.50,638.00,613.50,627.00,627.56,"17,490.00",626.00,"10,976,047.30",182,1.00,24.50,0.16,3.99,-0.09,733.75,878.11,"1,671.80",592.00,10_20_2022
SHIVM,33.56,613.50,638.00,613.50,627.00,627.56,"17,490.00",626.00,"10,976,047.30",182,1.00,24.50,0.16,3.99,-0.09,733.75,878.11,"1,671.80",592.00,10_21_2022
SHIVM,33.56,613.50,638.00,613.50,627.00,627.56,"17,490.00",626.00,"10,976,047.30",182,1.00,24.50,0.16,3.99,-0.09,733.75,878.11,"1,671.80",592.00,10_22_2022
SHIVM,33.56,639.40,639.40,620.00,632.00,629.71,"8,519.00",627.00,"5,364,522.10",125,5.00,19.40,0.80,3.13,0.36,731.95,873.27,"1,671.80",592.00,10_23_2022
SHIVM,29.76,639.40,639.40,620.00,632.00,629.71,"8,519.00",627.00,"5,364,522.10",125,5.00,19.40,0.80,3.13,0.36,731.95,873.27,"1,671.80",592.00,10_24_2022
SHIVM,29.76,639.40,639.40,620.00,632.00,629.71,"8,519.00",627.00,"5,364,522.10",125,5.00,19.40,0.80,3.13,0.36,731.95,873.27,"1,671.80",592.00,10_25_2022
SHIVM,29.76,639.40,639.40,620.00,632.00,629.71,"8,519.00",627.00,"5,364,522.10",125,5.00,19.40,0.80,3.13,0.36,731.95,873.27,"1,671.80",592.00,10_26_2022
SHIVM,29.76,639.40,639.40,620.00,632.00,629.71,"8,519.00",627.00,"5,364,522.10",125,5.00,19.40,0.80,3.13,0.36,731.95,873.27,"1,671.80",592.00,10_27_2022
SHIVM,29.76,639.40,639.40,620.00,632.00,629.71,"8,519.00",627.00,"5,364,522.10",125,5.00,19.40,0.80,3.13,0.36,731.95,873.27,"1,671.80",592.00,10_28_2022
SHIVM,29.76,639.40,639.40,620.00,632.00,629.71,"8,519.00",627.00,"5,364,522.10",125,5.00,19.40,0.80,3.13,0.36,731.95,873.27,"1,671.80",592.00,10_29_2022
SHIVM,29.76,639.40,639.40,620.00,632.00,629.71,"8,519.00",627.00,"5,364,522.10",125,5.00,19.40,0.80,3.13,0.36,731.95,873.27,"1,671.80",592.00,10_30_2022
SHIVM,29.89,632.00,649.00,628.00,645.00,640.58,"25,355.00",632.00,"16,241,968.40",227,13.00,21.00,2.06,3.34,0.68,730.24,868.54,"1,671.80",592.00,10_31_2022
SHIVM,44.59,657.00,700.00,638.00,699.00,675.06,"76,711.00",645.00,"51,784,293.90",735,54.00,62.00,8.37,9.72,3.43,728.91,864.26,"1,671.80",592.00,11_01_2022
SHIVM,49.18,695.00,705.00,680.00,685.00,690.82,"113,720.00",699.00,"78,560,214.60",798,-14.00,25.00,-2.00,3.68,-0.85,727.36,859.89,"1,671.80",592.00,11_02_2022
SHIVM,54.13,681.20,685.00,663.10,666.00,672.85,"47,017.00",685.00,"31,635,460.00",399,-19.00,21.90,-2.77,3.30,-1.03,725.29,855.41,"1,671.80",592.00,11_03_2022
SHIVM,46.25,681.20,685.00,663.10,666.00,672.85,"47,017.00",685.00,"31,635,460.00",399,-19.00,21.90,-2.77,3.30,-1.03,725.29,855.41,"1,671.80",592.00,11_04_2022
SHIVM,46.25,681.20,685.00,663.10,666.00,672.85,"47,017.00",685.00,"31,635,460.00",399,-19.00,21.90,-2.77,3.30,-1.03,725.29,855.41,"1,671.80",592.00,11_05_2022
SHIVM,43.93,678.70,704.90,666.00,703.20,689.58,"64,452.00",666.00,"44,444,723.90",515,37.20,38.90,5.59,5.84,1.94,723.77,851.03,"1,671.80",592.00,11_06_2022
SHIVM,50.89,707.90,715.00,669.00,675.00,688.24,"165,568.00",703.20,"113,950,475.30","1,042",-28.20,46.00,-4.01,6.88,-1.96,722.03,846.43,"1,671.80",592.00,11_07_2022
SHIVM,41.74,678.00,685.00,660.00,663.00,666.55,"128,620.00",675.00,"85,732,122.60",771,-12.00,25.00,-1.78,3.79,-0.54,720.41,841.74,"1,671.80",592.00,11_08_2022
SHIVM,41.46,675.20,676.00,644.00,645.00,652.92,"93,195.00",663.00,"60,849,319.60",678,-18.00,32.00,-2.71,4.97,-1.23,718.66,837.54,"1,671.80",592.00,11_09_2022
SHIVM,39.88,654.80,654.90,618.20,621.60,630.64,"162,115.00",645.00,"102,235,428.80","1,117",-23.40,36.70,-3.63,5.94,-1.45,716.88,833.18,"1,671.80",592.00,11_10_2022
SHIVM,39.88,654.80,654.90,618.20,621.60,630.64,"162,115.00",645.00,"102,235,428.80","1,117",-23.40,36.70,-3.63,5.94,-1.45,716.88,833.18,"1,671.80",592.00,11_10_2022
SHIVM,40.29,654.80,654.90,618.20,621.60,630.64,"162,115.00",645.00,"102,235,428.80","1,117",-23.40,36.70,-3.63,5.94,-1.45,716.88,833.18,"1,671.80",592.00,11_11_2022
SHIVM,40.29,654.80,654.90,618.20,621.60,630.64,"162,115.00",645.00,"102,235,428.80","1,117",-23.40,36.70,-3.63,5.94,-1.45,716.88,833.18,"1,671.80",592.00,11_12_2022
SHIVM,36.44,621.60,621.60,608.00,609.90,612.19,"169,876.00",621.60,"103,996,039.00","1,044",-11.70,13.60,-1.88,2.24,-0.38,714.77,828.68,"1,671.80",592.00,11_13_2022
SHIVM,29.33,622.00,625.00,608.00,616.00,610.69,"179,540.00",609.90,"109,643,275.10",982,6.10,17.00,1.00,2.80,0.86,712.73,824.41,"1,671.80",592.00,11_14_2022
SHIVM,32.26,622.00,628.30,609.00,609.90,614.69,"72,953.00",616.00,"44,843,696.10",553,-6.10,19.30,-0.99,3.17,-0.79,710.60,820.02,"1,671.80",592.00,11_15_2022
SHIVM,28.00,610.00,625.00,610.00,610.00,615.36,"61,523.00",609.90,"37,858,523.40",411,0.10,15.00,0.02,2.46,-0.88,708.52,815.86,"1,671.80",592.00,11_16_2022
SHIVM,25.80,620.00,624.50,610.00,617.00,614.98,"217,938.00",610.00,"134,027,288.80","1,053",7.00,14.50,1.15,2.38,0.33,706.75,811.63,"1,671.80",592.00,11_17_2022
SHIVM,48.02,620.00,624.50,610.00,617.00,614.98,"217,938.00",610.00,"134,027,288.80","1,053",7.00,14.50,1.15,2.38,0.33,706.75,811.63,"1,671.80",592.00,11_18_2022
SHIVM,48.02,620.00,624.50,610.00,617.00,614.98,"217,938.00",610.00,"134,027,288.80","1,053",7.00,14.50,1.15,2.38,0.33,706.75,811.63,"1,671.80",592.00,11_19_2022
SHIVM,48.02,620.00,624.50,610.00,617.00,614.98,"217,938.00",610.00,"134,027,288.80","1,053",7.00,14.50,1.15,2.38,0.33,706.75,811.63,"1,671.80",592.00,11_20_2022
SHIVM,48.02,620.00,624.50,610.00,617.00,614.98,"217,938.00",610.00,"134,027,288.80","1,053",7.00,14.50,1.15,2.38,0.33,706.75,811.63,"1,671.80",592.00,11_21_2022
SHIVM,50.93,625.90,629.00,607.00,608.90,614.60,"137,266.00",617.00,"84,363,188.00",866,-8.10,22.00,-1.31,3.62,-0.94,705.03,807.38,"1,671.80",592.00,11_22_2022
SHIVM,38.63,612.90,612.90,598.50,599.90,602.72,"100,614.00",608.90,"60,641,821.80",826,-9.00,14.40,-1.48,2.41,-0.47,703.32,803.21,"1,671.80",592.00,11_23_2022
SHIVM,37.06,602.00,615.00,598.00,609.00,605.92,"36,372.00",599.90,"22,038,454.60",346,9.10,17.00,1.52,2.84,0.51,701.73,799.30,"1,671.80",592.00,11_24_2022
SHIVM,36.65,602.00,615.00,598.00,609.00,605.92,"36,372.00",599.90,"22,038,454.60",346,9.10,17.00,1.52,2.84,0.51,701.73,799.30,"1,671.80",592.00,11_25_2022
SHIVM,36.65,602.00,615.00,598.00,609.00,605.92,"36,372.00",599.90,"22,038,454.60",346,9.10,17.00,1.52,2.84,0.51,701.73,799.30,"1,671.80",592.00,11_26_2022
SHIVM,40.10,619.00,619.00,607.00,613.00,612.47,"133,559.00",609.00,"81,801,425.20",735,4.00,12.00,0.66,1.98,0.09,700.24,795.64,"1,671.80",592.00,11_27_2022
SHIVM,40.18,617.90,623.00,609.00,610.00,614.69,"100,316.00",613.00,"61,662,748.70",609,-3.00,14.00,-0.49,2.30,-0.77,698.74,792.16,"1,671.80",592.00,11_28_2022
SHIVM,45.93,611.00,615.00,608.00,610.00,610.82,"69,096.00",610.00,"42,204,935.10",406,0.00,7.00,0.00,1.15,-0.13,697.58,789.06,"1,671.80",592.00,11_29_2022
SHIVM,45.16,619.00,619.00,608.00,609.00,610.21,"49,179.00",610.00,"30,009,631.00",433,-1.00,11.00,-0.16,1.81,-0.20,696.16,786.42,"1,671.80",592.00,11_30_2022
SHIVM,37.15,614.90,615.00,608.10,612.00,611.28,"59,005.00",609.00,"36,068,347.70",419,3.00,6.90,0.49,1.13,0.12,694.82,783.67,"1,671.80",592.00,12_01_2022
SHIVM,36.95,614.90,615.00,608.10,612.00,611.28,"59,005.00",609.00,"36,068,347.70",419,3.00,6.90,0.49,1.13,0.12,694.82,783.67,"1,671.80",592.00,12_02_2022
SHIVM,36.95,614.90,615.00,608.10,612.00,611.28,"59,005.00",609.00,"36,068,347.70",419,3.00,6.90,0.49,1.13,0.12,694.82,783.67,"1,671.80",592.00,12_03_2022
SHIVM,38.28,614.10,618.00,609.00,613.80,612.60,"80,102.00",612.00,"49,070,439.20",568,1.80,9.00,0.29,1.48,0.20,693.71,780.99,"1,671.80",592.00,12_04_2022
SHIVM,45.40,609.00,610.50,580.00,584.90,594.51,"340,358.00",613.80,"202,346,662.40","2,296",-28.90,30.50,-4.71,5.26,-1.64,692.54,777.85,"1,671.80",580.00,12_05_2022
SHIVM,44.31,590.00,594.00,579.00,580.00,582.32,"139,503.00",584.90,"81,234,799.80","1,102",-4.90,15.00,-0.84,2.59,-0.40,691.55,774.12,"1,671.80",579.00,12_06_2022
SHIVM,42.04,586.00,586.00,550.00,551.80,564.13,"245,607.00",580.00,"138,554,314.90","1,837",-28.20,36.00,-4.86,6.55,-2.23,690.34,770.29,"1,671.80",550.00,12_07_2022
SHIVM,37.68,586.00,586.00,550.00,551.80,564.13,"245,607.00",580.00,"138,554,314.90","1,837",-28.20,36.00,-4.86,6.55,-2.23,690.34,770.29,"1,671.80",550.00,12_08_2022
SHIVM,37.68,586.00,586.00,550.00,551.80,564.13,"245,607.00",580.00,"138,554,314.90","1,837",-28.20,36.00,-4.86,6.55,-2.23,690.34,770.29,"1,671.80",550.00,12_09_2022
SHIVM,37.68,586.00,586.00,550.00,551.80,564.13,"245,607.00",580.00,"138,554,314.90","1,837",-28.20,36.00,-4.86,6.55,-2.23,690.34,770.29,"1,671.80",550.00,12_10_2022
SHIVM,39.09,552.00,559.00,529.00,529.30,537.12,"203,620.00",551.80,"109,367,926.10","1,745",-22.50,30.00,-4.08,5.67,-1.48,688.91,766.57,"1,671.80",529.00,12_11_2022
SHIVM,35.33,532.20,553.90,529.00,553.90,537.17,"115,751.00",529.30,"62,177,415.30",909,24.60,24.90,4.65,4.71,3.02,687.76,763.04,"1,671.80",529.00,12_12_2022
SHIVM,38.15,554.00,554.00,542.00,546.00,548.66,"50,514.00",553.90,"27,714,902.00",395,-7.90,12.00,-1.43,2.21,-0.49,686.66,759.60,"1,671.80",529.00,12_13_2022
SHIVM,28.94,547.00,552.00,543.00,546.00,547.72,"40,012.00",546.00,"21,915,561.40",364,0.00,9.00,0.00,1.66,-0.32,685.65,756.19,"1,671.80",529.00,12_14_2022
SHIVM,31.80,536.00,536.00,516.00,520.00,523.91,"177,795.00",546.00,"93,149,375.40","1,364",-26.00,20.00,-4.76,3.88,-0.75,684.24,752.58,"1,671.80",516.00,12_15_2022
SHIVM,37.38,536.00,536.00,516.00,520.00,523.91,"177,795.00",546.00,"93,149,375.40","1,364",-26.00,20.00,-4.76,3.88,-0.75,684.24,752.58,"1,671.80",516.00,12_16_2022
SHIVM,37.38,536.00,536.00,516.00,520.00,523.91,"177,795.00",546.00,"93,149,375.40","1,364",-26.00,20.00,-4.76,3.88,-0.75,684.24,752.58,"1,671.80",516.00,12_17_2022
SHIVM,37.16,530.40,530.40,509.60,513.60,515.84,"65,694.00",520.00,"33,887,715.90",524,-6.40,20.80,-1.23,4.08,-0.44,682.83,749.03,"1,671.80",509.60,12_18_2022
SHIVM,30.20,513.00,523.10,510.00,518.00,518.13,"27,393.00",513.60,"14,193,226.80",305,4.40,13.10,0.86,2.57,-0.03,681.55,745.72,"1,671.80",509.60,12_19_2022
SHIVM,26.25,518.00,525.00,512.00,518.00,518.68,"52,735.00",518.00,"27,352,349.30",415,0.00,13.00,0.00,2.54,-0.13,680.13,742.64,"1,671.80",509.60,12_20_2022
SHIVM,29.44,512.59,518.00,501.80,503.10,507.93,"75,950.00",518.00,"38,576,996.00",745,-14.90,16.20,-2.88,3.23,-0.96,678.34,739.61,"1,671.80",501.80,12_21_2022
SHIVM,32.04,505.00,505.00,490.00,490.60,494.28,"80,916.00",503.10,"39,995,485.00",818,-12.50,15.00,-2.48,3.06,-0.75,676.68,736.52,"1,671.80",490.00,12_22_2022
SHIVM,31.61,505.00,505.00,490.00,490.60,494.28,"80,916.00",503.10,"39,995,485.00",818,-12.50,15.00,-2.48,3.06,-0.75,676.68,736.52,"1,671.80",490.00,12_23_2022
SHIVM,31.61,505.00,505.00,490.00,490.60,494.28,"80,916.00",503.10,"39,995,485.00",818,-12.50,15.00,-2.48,3.06,-0.75,676.68,736.52,"1,671.80",490.00,12_24_2022
SHIVM,31.61,505.00,505.00,490.00,490.60,494.28,"80,916.00",503.10,"39,995,485.00",818,-12.50,15.00,-2.48,3.06,-0.75,676.68,736.52,"1,671.80",490.00,12_25_2022
SHIVM,31.45,500.00,520.10,498.00,520.00,511.49,"90,792.00",490.60,"46,439,245.80",809,29.40,22.10,5.99,4.44,1.64,675.24,733.41,"1,671.80",490.00,12_26_2022
SHIVM,38.47,530.00,545.00,528.00,533.00,536.10,"156,839.00",520.00,"84,080,986.10","1,194",13.00,17.00,2.50,3.22,-0.58,673.81,730.50,"1,671.80",490.00,12_27_2022
SHIVM,51.64,533.00,538.50,522.60,526.00,529.93,"89,609.00",533.00,"47,486,400.90",643,-7.00,15.90,-1.31,3.04,-0.75,671.74,727.59,"1,671.80",490.00,12_28_2022
SHIVM,48.66,521.00,555.90,521.00,553.00,541.73,"113,778.00",526.00,"61,636,632.50",765,27.00,34.90,5.13,6.70,2.04,669.95,724.83,"1,671.80",490.00,12_29_2022
SHIVM,50.66,521.00,555.90,521.00,553.00,541.73,"113,778.00",526.00,"61,636,632.50",765,27.00,34.90,5.13,6.70,2.04,669.95,724.83,"1,671.80",490.00,12_30_2022
SHIVM,50.66,521.00,555.90,521.00,553.00,541.73,"113,778.00",526.00,"61,636,632.50",765,27.00,34.90,5.13,6.70,2.04,669.95,724.83,"1,671.80",490.00,12_31_2022
SHIVM,51.84,564.00,572.00,544.00,550.00,558.54,"158,261.00",553.00,"88,395,768.70","1,217",-3.00,28.00,-0.54,5.15,-1.55,667.62,722.10,"1,671.80",490.00,01_01_2023
SHIVM,52.79,550.00,560.00,542.00,557.00,553.48,"62,782.00",550.00,"34,748,478.60",529,7.00,18.00,1.27,3.32,0.63,665.37,719.34,"1,671.80",490.00,01_02_2023
SHIVM,50.18,559.90,572.00,551.10,562.00,559.16,"169,743.00",557.00,"94,912,814.90","1,022",5.00,20.90,0.90,3.79,0.51,663.53,716.57,"1,671.80",490.00,01_03_2023
SHIVM,58.26,562.00,576.00,554.10,569.00,567.81,"144,752.00",562.00,"82,192,256.10",854,7.00,21.90,1.25,3.95,0.21,661.65,714.03,"1,671.80",490.00,01_04_2023
SHIVM,57.45,577.00,578.00,550.00,555.10,562.69,"172,577.00",569.00,"97,106,916.10","1,147",-13.90,28.00,-2.44,5.09,-1.37,659.73,711.56,"1,671.80",490.00,01_05_2023
SHIVM,60.12,577.00,578.00,550.00,555.10,562.69,"172,577.00",569.00,"97,106,916.10","1,147",-13.90,28.00,-2.44,5.09,-1.37,659.73,711.56,"1,671.80",490.00,01_06_2023
SHIVM,60.12,577.00,578.00,550.00,555.10,562.69,"172,577.00",569.00,"97,106,916.10","1,147",-13.90,28.00,-2.44,5.09,-1.37,659.73,711.56,"1,671.80",490.00,01_07_2023
SHIVM,61.32,555.00,600.00,552.00,575.20,575.33,"342,178.00",555.10,"196,863,959.80","1,590",20.10,48.00,3.62,8.70,-0.02,658.28,709.25,"1,671.80",490.00,01_08_2023
SHIVM,63.56,586.70,595.00,576.00,585.00,587.27,"221,603.00",575.20,"130,140,952.10","1,304",9.80,19.00,1.70,3.30,-0.39,657.16,707.17,"1,671.80",490.00,01_09_2023
SHIVM,56.98,595.00,622.00,580.00,590.00,597.35,"273,589.00",585.00,"163,429,490.20","1,871",5.00,42.00,0.85,7.24,-1.25,655.95,705.23,"1,671.80",490.00,01_10_2023
SHIVM,59.71,595.00,622.00,580.00,590.00,597.35,"273,589.00",585.00,"163,429,490.20","1,871",5.00,42.00,0.85,7.24,-1.25,655.95,705.23,"1,671.80",490.00,01_11_2023
SHIVM,59.74,589.90,609.00,563.00,566.00,579.13,"383,357.00",590.00,"222,012,131.30","1,725",-24.00,46.00,-4.07,8.17,-2.32,654.26,703.10,"1,671.80",490.00,01_12_2023
SHIVM,60.87,589.90,609.00,563.00,566.00,579.13,"383,357.00",590.00,"222,012,131.30","1,725",-24.00,46.00,-4.07,8.17,-2.32,654.26,703.10,"1,671.80",490.00,01_13_2023
SHIVM,60.87,589.90,609.00,563.00,566.00,579.13,"383,357.00",590.00,"222,012,131.30","1,725",-24.00,46.00,-4.07,8.17,-2.32,654.26,703.10,"1,671.80",490.00,01_14_2023
SHIVM,60.87,589.90,609.00,563.00,566.00,579.13,"383,357.00",590.00,"222,012,131.30","1,725",-24.00,46.00,-4.07,8.17,-2.32,654.26,703.10,"1,671.80",490.00,01_15_2023
SHIVM,60.87,589.90,609.00,563.00,566.00,579.13,"383,357.00",590.00,"222,012,131.30","1,725",-24.00,46.00,-4.07,8.17,-2.32,654.26,703.10,"1,671.80",490.00,01_16_2023
SHIVM,59.94,561.00,576.90,555.20,571.00,568.49,"136,927.00",566.00,"77,842,157.20",875,5.00,21.70,0.88,3.91,0.44,652.65,701.22,"1,671.80",490.00,01_17_2023
SHIVM,44.11,582.40,582.40,555.20,556.00,565.77,"141,882.00",571.00,"80,272,267.90",953,-15.00,27.20,-2.63,4.90,-1.76,650.95,699.09,"1,667.70",490.00,01_18_2023
SHIVM,42.96,556.00,562.90,545.00,546.00,552.66,"116,196.00",556.00,"64,217,093.80",786,-10.00,17.90,-1.80,3.28,-1.22,649.16,696.77,"1,604.00",490.00,01_19_2023
SHIVM,42.09,556.00,562.90,545.00,546.00,552.66,"116,196.00",556.00,"64,217,093.80",786,-10.00,17.90,-1.80,3.28,-1.22,649.16,696.77,"1,604.00",490.00,01_20_2023
SHIVM,42.09,556.00,562.90,545.00,546.00,552.66,"116,196.00",556.00,"64,217,093.80",786,-10.00,17.90,-1.80,3.28,-1.22,649.16,696.77,"1,604.00",490.00,01_21_2023
SHIVM,42.09,556.00,562.90,545.00,546.00,552.66,"116,196.00",556.00,"64,217,093.80",786,-10.00,17.90,-1.80,3.28,-1.22,649.16,696.77,"1,604.00",490.00,01_22_2023
SHIVM,40.26,546.00,555.00,515.00,520.20,531.89,"187,494.00",546.00,"99,725,385.08","1,420",-25.80,40.00,-4.73,7.77,-2.25,647.12,694.46,"1,594.00",490.00,01_23_2023
SHIVM,41.22,530.00,530.00,511.00,521.90,518.90,"139,138.00",520.20,"72,199,201.40",934,1.70,19.00,0.33,3.72,0.57,644.93,692.17,"1,590.00",490.00,01_24_2023
SHIVM,39.80,532.30,537.50,521.00,527.90,529.32,"126,636.00",521.90,"67,030,415.80",719,6.00,16.50,1.15,3.17,-0.27,642.54,689.90,"1,590.00",490.00,01_25_2023
SHIVM,40.68,530.00,540.00,527.00,527.00,531.35,"64,830.00",527.90,"34,447,559.20",516,-0.90,13.00,-0.17,2.47,-0.83,640.20,687.74,"1,590.00",490.00,01_26_2023
SHIVM,38.13,530.00,540.00,527.00,527.00,531.35,"64,830.00",527.90,"34,447,559.20",516,-0.90,13.00,-0.17,2.47,-0.83,640.20,687.74,"1,590.00",490.00,01_27_2023
SHIVM,38.13,530.00,540.00,527.00,527.00,531.35,"64,830.00",527.90,"34,447,559.20",516,-0.90,13.00,-0.17,2.47,-0.83,640.20,687.74,"1,590.00",490.00,01_28_2023
SHIVM,37.00,525.00,534.00,521.00,525.00,528.68,"94,868.00",527.00,"50,154,909.60",609,-2.00,13.00,-0.38,2.50,-0.70,638.10,685.77,"1,590.00",490.00,01_29_2023
SHIVM,54.72,523.10,529.00,515.00,516.00,521.01,"87,312.00",525.00,"45,490,468.50",639,-9.00,14.00,-1.71,2.72,-0.97,635.83,683.86,"1,590.00",490.00,01_30_2023
SHIVM,42.94,520.00,522.00,510.20,516.50,516.71,"75,310.00",516.00,"38,913,796.00",515,0.50,11.80,0.10,2.31,-0.04,633.15,681.98,"1,550.00",490.00,01_31_2023
SHIVM,34.46,517.00,519.80,513.00,515.50,515.36,"57,385.00",516.50,"29,573,720.70",445,-1.00,6.80,-0.19,1.33,0.03,630.68,680.14,"1,528.00",490.00,02_01_2023
SHIVM,42.76,520.00,520.00,507.00,509.00,511.53,"66,359.00",515.50,"33,944,721.05",532,-6.50,13.00,-1.26,2.56,-0.50,628.13,678.24,"1,528.00",490.00,02_02_2023
SHIVM,38.86,520.00,520.00,507.00,509.00,511.53,"66,359.00",515.50,"33,944,721.05",532,-6.50,13.00,-1.26,2.56,-0.50,628.13,678.24,"1,528.00",490.00,02_03_2023
SHIVM,38.86,520.00,520.00,507.00,509.00,511.53,"66,359.00",515.50,"33,944,721.05",532,-6.50,13.00,-1.26,2.56,-0.50,628.13,678.24,"1,528.00",490.00,02_04_2023
SHIVM,37.51,514.80,521.00,506.00,511.00,513.99,"67,781.00",509.00,"34,838,848.00",445,2.00,15.00,0.39,2.96,-0.59,625.66,676.31,"1,528.00",490.00,02_05_2023
SHIVM,43.23,517.00,517.00,510.10,514.00,512.40,"42,478.00",511.00,"21,765,672.60",286,3.00,6.90,0.59,1.35,0.31,623.29,674.33,"1,528.00",490.00,02_06_2023
SHIVM,41.53,516.00,550.00,516.00,545.70,535.53,"119,866.00",514.00,"64,191,477.90",974,31.70,34.00,6.17,6.59,1.86,621.02,672.28,"1,528.00",490.00,02_07_2023
SHIVM,51.76,556.00,556.00,538.10,540.00,548.33,"138,866.00",545.70,"76,143,825.50",934,-5.70,17.90,-1.04,3.33,-1.54,618.46,670.36,"1,528.00",490.00,02_08_2023
SHIVM,56.78,538.00,555.00,534.00,554.00,545.51,"68,489.00",540.00,"37,361,498.80",518,14.00,21.00,2.59,3.93,1.53,616.17,668.53,"1,525.00",490.00,02_09_2023
SHIVM,49.89,538.00,555.00,534.00,554.00,545.51,"68,489.00",540.00,"37,361,498.80",518,14.00,21.00,2.59,3.93,1.53,616.17,668.53,"1,525.00",490.00,02_10_2023
SHIVM,49.89,538.00,555.00,534.00,554.00,545.51,"68,489.00",540.00,"37,361,498.80",518,14.00,21.00,2.59,3.93,1.53,616.17,668.53,"1,525.00",490.00,02_11_2023
SHIVM,48.16,544.00,544.00,522.50,524.00,531.34,"102,690.00",554.00,"54,563,037.20",868,-30.00,21.50,-5.42,4.11,-1.40,613.80,666.67,"1,500.00",490.00,02_12_2023
SHIVM,48.72,544.00,544.00,522.50,524.00,531.34,"102,690.00",554.00,"54,563,037.20",868,-30.00,21.50,-5.42,4.11,-1.40,613.80,666.67,"1,500.00",490.00,02_13_2023
SHIVM,47.74,525.00,529.00,517.10,519.00,521.22,"43,725.00",524.00,"22,790,462.80",384,-5.00,11.90,-0.95,2.30,-0.43,611.41,664.81,"1,480.00",490.00,02_14_2023
SHIVM,34.94,509.00,525.00,509.00,515.00,518.00,"33,297.00",519.00,"17,247,952.70",355,-4.00,16.00,-0.77,3.14,-0.58,609.11,663.03,"1,427.00",490.00,02_15_2023
SHIVM,34.63,522.90,522.90,511.10,512.40,513.92,"52,366.00",515.00,"26,912,020.40",377,-2.60,11.80,-0.50,2.31,-0.30,606.84,661.08,"1,425.00",490.00,02_16_2023
SHIVM,32.63,522.90,522.90,511.10,512.40,513.92,"52,366.00",515.00,"26,912,020.40",377,-2.60,11.80,-0.50,2.31,-0.30,606.84,661.08,"1,425.00",490.00,02_17_2023
SHIVM,32.63,522.90,522.90,511.10,512.40,513.92,"52,366.00",515.00,"26,912,020.40",377,-2.60,11.80,-0.50,2.31,-0.30,606.84,661.08,"1,425.00",490.00,02_18_2023
SHIVM,32.63,522.90,522.90,511.10,512.40,513.92,"52,366.00",515.00,"26,912,020.40",377,-2.60,11.80,-0.50,2.31,-0.30,606.84,661.08,"1,425.00",490.00,02_19_2023
SHIVM,29.82,512.00,516.00,507.00,507.50,509.91,"65,272.00",512.40,"33,283,087.10",481,-4.90,9.00,-0.96,1.78,-0.48,604.71,659.12,"1,405.00",490.00,02_20_2023
SHIVM,36.15,512.00,516.00,507.00,507.50,509.91,"65,272.00",512.40,"33,283,087.10",481,-4.90,9.00,-0.96,1.78,-0.48,604.71,659.12,"1,405.00",490.00,02_21_2023
SHIVM,35.35,513.70,520.00,510.00,517.00,514.75,"46,682.00",507.50,"24,029,558.60",299,9.50,10.00,1.87,1.96,0.44,602.76,657.18,"1,393.00",490.00,02_22_2023
SHIVM,40.49,510.00,514.00,505.00,506.80,508.03,"41,085.00",517.00,"20,872,356.90",394,-10.20,9.00,-1.97,1.78,-0.24,600.75,655.22,"1,393.00",490.00,02_23_2023
SHIVM,27.87,510.00,514.00,505.00,506.80,508.03,"41,085.00",517.00,"20,872,356.90",394,-10.20,9.00,-1.97,1.78,-0.24,600.75,655.22,"1,393.00",490.00,02_24_2023
SHIVM,27.87,510.00,514.00,505.00,506.80,508.03,"41,085.00",517.00,"20,872,356.90",394,-10.20,9.00,-1.97,1.78,-0.24,600.75,655.22,"1,393.00",490.00,02_25_2023
SHIVM,27.87,502.00,511.90,491.00,507.70,502.69,"63,815.00",506.80,"32,079,042.00",576,0.90,20.90,0.18,4.26,0.99,598.88,653.43,"1,330.00",490.00,02_26_2023
SHIVM,36.71,512.50,515.00,497.00,500.10,502.25,"72,372.00",507.70,"36,348,975.40",542,-7.60,18.00,-1.50,3.62,-0.43,597.15,651.68,"1,330.00",490.00,02_27_2023
SHIVM,37.15,500.00,509.80,489.00,489.60,493.69,"131,804.00",500.10,"65,069,989.80",857,-10.50,20.80,-2.10,4.25,-0.83,595.47,649.93,"1,298.40",489.00,02_28_2023
SHIVM,31.69,499.00,499.00,474.00,476.00,482.45,"174,280.00",489.60,"84,080,648.50","1,321",-13.60,25.00,-2.78,5.27,-1.35,593.82,648.13,"1,276.00",474.00,03_01_2023
SHIVM,35.86,466.50,480.00,461.00,465.00,465.73,"129,486.00",476.00,"60,305,263.60",992,-11.00,19.00,-2.31,4.12,-0.16,592.08,646.31,"1,276.00",461.00,03_02_2023
SHIVM,30.38,466.50,480.00,461.00,465.00,465.73,"129,486.00",476.00,"60,305,263.60",992,-11.00,19.00,-2.31,4.12,-0.16,592.08,646.31,"1,276.00",461.00,03_03_2023
SHIVM,30.38,466.50,480.00,461.00,465.00,465.73,"129,486.00",476.00,"60,305,263.60",992,-11.00,19.00,-2.31,4.12,-0.16,592.08,646.31,"1,276.00",461.00,03_04_2023
SHIVM,30.38,464.00,474.00,449.90,450.00,456.31,"120,136.00",465.00,"54,819,565.70",859,-15.00,24.10,-3.23,5.36,-1.40,590.15,644.42,"1,276.00",449.90,03_05_2023
SHIVM,31.21,464.00,474.00,449.90,450.00,456.31,"120,136.00",465.00,"54,819,565.70",859,-15.00,24.10,-3.23,5.36,-1.40,590.15,644.42,"1,276.00",449.90,03_06_2023
SHIVM,29.90,453.00,465.00,448.10,450.00,454.13,"68,498.00",450.00,"31,106,739.90",513,0.00,16.90,0.00,3.77,-0.92,588.23,642.76,"1,276.00",448.10,03_07_2023
SHIVM,30.88,453.00,465.00,448.10,450.00,454.13,"68,498.00",450.00,"31,106,739.90",513,0.00,16.90,0.00,3.77,-0.92,588.23,642.76,"1,276.00",448.10,03_08_2023
SHIVM,29.31,459.00,467.00,450.00,455.00,453.05,"173,464.00",450.00,"78,588,317.50",848,5.00,17.00,1.11,3.78,0.43,586.27,640.96,"1,276.00",448.10,03_09_2023
SHIVM,39.91,459.00,467.00,450.00,455.00,453.05,"173,464.00",450.00,"78,588,317.50",848,5.00,17.00,1.11,3.78,0.43,586.27,640.96,"1,276.00",448.10,03_10_2023
SHIVM,39.91,459.00,467.00,450.00,455.00,453.05,"173,464.00",450.00,"78,588,317.50",848,5.00,17.00,1.11,3.78,0.43,586.27,640.96,"1,276.00",448.10,03_11_2023
SHIVM,39.91,460.00,464.00,449.00,449.30,453.33,"181,234.00",455.00,"82,158,943.50",733,-5.70,15.00,-1.25,3.34,-0.90,584.14,639.17,"1,276.00",448.10,03_12_2023
SHIVM,39.24,450.00,450.00,434.00,440.00,439.91,"129,332.00",449.30,"56,894,412.00",880,-9.30,16.00,-2.07,3.69,0.02,581.94,637.46,"1,276.00",434.00,03_13_2023
SHIVM,37.34,447.00,448.00,436.10,443.90,443.18,"71,407.00",440.00,"31,646,021.10",436,3.90,11.90,0.89,2.73,0.16,579.93,635.89,"1,276.00",434.00,03_14_2023
SHIVM,38.64,450.00,450.00,432.00,433.00,437.05,"91,823.00",443.90,"40,131,460.30",539,-10.90,18.00,-2.46,4.17,-0.94,577.92,634.42,"1,246.00",432.00,03_15_2023
SHIVM,36.35,438.90,438.90,428.00,429.70,431.89,"54,121.00",433.00,"23,374,388.50",424,-3.30,10.90,-0.76,2.55,-0.51,575.96,632.94,"1,209.00",428.00,03_16_2023
SHIVM,38.27,438.90,438.90,428.00,429.70,431.89,"54,121.00",433.00,"23,374,388.50",424,-3.30,10.90,-0.76,2.55,-0.51,575.96,632.94,"1,209.00",428.00,03_17_2023
SHIVM,38.27,438.90,438.90,428.00,429.70,431.89,"54,121.00",433.00,"23,374,388.50",424,-3.30,10.90,-0.76,2.55,-0.51,575.96,632.94,"1,209.00",428.00,03_18_2023
SHIVM,38.27,431.20,433.00,425.00,425.00,427.78,"94,697.00",429.70,"40,509,851.70",603,-4.70,8.00,-1.09,1.88,-0.66,573.86,631.40,"1,198.00",425.00,03_19_2023
SHIVM,37.79,430.00,433.00,424.00,427.00,427.48,"96,793.00",425.00,"41,377,502.20",549,2.00,9.00,0.47,2.12,-0.11,571.83,629.93,"1,198.00",424.00,03_20_2023
SHIVM,37.98,430.00,433.00,424.00,427.00,427.48,"96,793.00",425.00,"41,377,502.20",549,2.00,9.00,0.47,2.12,-0.11,571.83,629.93,"1,198.00",424.00,03_21_2023
SHIVM,39.40,435.50,435.50,421.00,421.00,425.64,"83,469.00",427.00,"35,527,464.70",467,-6.00,14.50,-1.41,3.44,-1.10,569.79,628.50,"1,195.00",421.00,03_22_2023
SHIVM,36.87,421.00,421.00,411.00,411.50,414.19,"89,669.00",421.00,"37,139,632.30",675,-9.50,10.00,-2.26,2.43,-0.65,567.64,627.08,"1,188.90",411.00,03_23_2023
SHIVM,35.54,421.00,421.00,411.00,411.50,414.19,"89,669.00",421.00,"37,139,632.30",675,-9.50,10.00,-2.26,2.43,-0.65,567.64,627.08,"1,188.90",411.00,03_24_2023
SHIVM,35.54,421.00,421.00,411.00,411.50,414.19,"89,669.00",421.00,"37,139,632.30",675,-9.50,10.00,-2.26,2.43,-0.65,567.64,627.08,"1,188.90",411.00,03_25_2023
SHIVM,35.54,411.50,419.00,408.20,413.00,412.57,"59,434.00",411.50,"24,520,869.30",489,1.50,10.80,0.36,2.65,0.10,565.54,625.55,"1,137.00",408.20,03_26_2023
SHIVM,34.02,413.00,429.80,409.00,427.90,419.84,"89,989.00",413.00,"37,780,825.70",594,14.90,20.80,3.61,5.09,1.88,563.56,624.13,"1,137.00",408.20,03_27_2023
SHIVM,43.01,432.00,440.00,425.00,429.00,432.40,"113,870.00",427.90,"49,236,899.70",862,1.10,15.00,0.26,3.53,-0.79,561.63,622.78,"1,103.00",408.20,03_28_2023
SHIVM,46.62,426.00,428.00,422.00,423.10,424.55,"59,497.00",429.00,"25,259,174.50",424,-5.90,6.00,-1.38,1.42,-0.34,559.66,621.31,"1,103.00",408.20,03_29_2023
SHIVM,40.96,430.00,430.00,414.60,415.00,421.76,"118,688.00",423.10,"50,058,199.20",705,-8.10,15.40,-1.91,3.71,-1.63,557.60,619.63,"1,103.00",408.20,03_30_2023
SHIVM,40.86,430.00,430.00,414.60,415.00,421.76,"118,688.00",423.10,"50,058,199.20",705,-8.10,15.40,-1.91,3.71,-1.63,557.60,619.63,"1,103.00",408.20,03_31_2023
SHIVM,40.86,430.00,430.00,414.60,415.00,421.76,"118,688.00",423.10,"50,058,199.20",705,-8.10,15.40,-1.91,3.71,-1.63,557.60,619.63,"1,103.00",408.20,04_01_2023
SHIVM,40.86,420.00,425.00,414.00,416.00,418.78,"107,789.00",415.00,"45,139,712.30",544,1.00,11.00,0.24,2.66,-0.67,555.53,618.11,"1,103.00",408.20,04_02_2023
SHIVM,34.95,424.00,424.00,411.00,414.00,414.67,"49,395.00",416.00,"20,482,541.70",350,-2.00,13.00,-0.48,3.16,-0.16,553.50,616.56,"1,103.00",408.20,04_03_2023
SHIVM,44.25,405.00,408.00,397.20,400.00,401.09,"108,048.00",407.00,"43,336,500.00",677,-7.00,10.80,-1.72,2.72,-0.27,534.18,596.00,"1,009.00",389.80,04_17_2023
SHIVM,31.91,399.90,402.00,394.00,399.00,396.78,"80,110.00",394.50,"31,785,769.40",428,4.50,8.00,1.14,2.03,0.56,530.85,592.06,978.00,389.80,04_19_2023
SHIVM,41.82,401.10,403.70,394.00,394.00,396.44,"72,353.00",399.00,"28,683,352.50",448,-5.00,9.70,-1.25,2.46,-0.62,529.09,590.00,978.00,389.80,04_20_2023
SHIVM,28.87,401.10,403.70,394.00,394.00,396.44,"72,353.00",399.00,"28,683,352.50",448,-5.00,9.70,-1.25,2.46,-0.62,529.09,590.00,978.00,389.80,04_21_2023
SHIVM,28.87,401.10,403.70,394.00,394.00,396.44,"72,353.00",399.00,"28,683,352.50",448,-5.00,9.70,-1.25,2.46,-0.62,529.09,590.00,978.00,389.80,04_22_2023
SHIVM,28.87,400.00,400.00,395.00,396.00,396.02,"72,984.00",394.00,"28,903,072.90",483,2.00,5.00,0.51,1.27,0.00,527.11,587.97,978.00,389.80,04_23_2023
SHIVM,35.36,403.00,408.50,395.10,406.00,403.19,"74,310.00",396.00,"29,960,779.80",526,10.00,13.40,2.53,3.39,0.69,525.37,586.01,978.00,389.80,04_24_2023
SHIVM,42.59,408.00,425.00,405.00,422.50,417.16,"168,022.00",406.00,"70,091,557.10","1,120",16.50,20.00,4.06,4.94,1.26,523.79,584.10,978.00,389.80,04_25_2023
SHIVM,47.78,420.50,434.80,415.00,415.20,425.40,"164,930.00",422.50,"70,160,457.30","1,141",-7.30,19.80,-1.73,4.77,-2.46,522.12,582.05,955.50,389.80,04_26_2023
SHIVM,48.29,419.90,423.10,412.00,416.00,417.98,"72,103.00",415.20,"30,137,463.70",465,0.80,11.10,0.19,2.69,-0.48,520.27,579.84,950.00,389.80,04_27_2023
SHIVM,41.54,419.90,423.10,412.00,416.00,417.98,"72,103.00",415.20,"30,137,463.70",465,0.80,11.10,0.19,2.69,-0.48,520.27,579.84,950.00,389.80,04_28_2023
SHIVM,41.54,419.90,423.10,412.00,416.00,417.98,"72,103.00",415.20,"30,137,463.70",465,0.80,11.10,0.19,2.69,-0.48,520.27,579.84,950.00,389.80,04_29_2023
SHIVM,41.54,410.30,419.80,404.00,405.00,408.52,"104,061.00",416.00,"42,510,825.00",617,-11.00,15.80,-2.64,3.91,-0.87,518.23,577.60,935.00,389.80,04_30_2023
SHIVM,36.59,410.30,419.80,404.00,405.00,408.52,"104,061.00",416.00,"42,510,825.00",617,-11.00,15.80,-2.64,3.91,-0.87,518.23,577.60,935.00,389.80,05_01_2023
SHIVM,37.58,410.00,410.00,403.30,404.90,405.62,"53,128.00",405.00,"21,549,536.60",373,-0.10,6.70,-0.02,1.66,-0.18,516.26,575.53,935.00,389.80,05_02_2023
SHIVM,25.73,410.00,410.00,398.00,399.00,400.15,"76,230.00",404.90,"30,503,498.30",489,-5.90,12.00,-1.46,3.02,-0.29,514.37,573.36,935.00,389.80,05_03_2023
SHIVM,24.16,405.00,406.90,397.00,404.90,402.59,"55,031.00",399.00,"22,155,054.90",417,5.90,9.90,1.48,2.49,0.57,512.52,570.96,935.00,389.80,05_04_2023
SHIVM,24.50,405.00,406.90,397.00,404.90,402.59,"55,031.00",399.00,"22,155,054.90",417,5.90,9.90,1.48,2.49,0.57,512.52,570.96,935.00,389.80,05_05_2023
SHIVM,24.50,405.00,406.90,397.00,404.90,402.59,"55,031.00",399.00,"22,155,054.90",417,5.90,9.90,1.48,2.49,0.57,512.52,570.96,935.00,389.80,05_06_2023
SHIVM,24.50,404.90,404.90,398.00,400.00,400.64,"80,465.00",404.90,"32,237,607.50",429,-4.90,6.90,-1.21,1.73,-0.16,510.58,568.67,935.00,389.80,05_07_2023
SHIVM,24.18,400.10,403.00,396.00,398.00,398.85,"94,826.00",400.00,"37,821,282.00",454,-2.00,7.00,-0.50,1.77,-0.21,508.52,566.35,935.00,389.80,05_08_2023
SHIVM,25.49,400.00,407.00,398.00,400.00,401.77,"111,173.00",398.00,"44,665,633.30",491,2.00,9.00,0.50,2.26,-0.44,506.03,564.09,935.00,389.80,05_09_2023
SHIVM,33.85,408.00,408.00,398.20,402.00,401.15,"81,943.00",400.00,"32,871,241.30",356,2.00,9.80,0.50,2.46,0.21,503.67,561.89,935.00,389.80,05_10_2023
SHIVM,24.48,408.00,408.00,400.00,400.10,401.20,"44,960.00",402.00,"18,037,752.50",274,-1.90,8.00,-0.47,2.00,-0.27,501.46,559.57,935.00,389.80,05_11_2023
SHIVM,36.53,408.00,408.00,400.00,400.10,401.20,"44,960.00",402.00,"18,037,752.50",274,-1.90,8.00,-0.47,2.00,-0.27,501.46,559.57,935.00,389.80,05_12_2023
SHIVM,36.53,408.00,408.00,400.00,400.10,401.20,"44,960.00",402.00,"18,037,752.50",274,-1.90,8.00,-0.47,2.00,-0.27,501.46,559.57,935.00,389.80,05_13_2023
SHIVM,36.53,400.00,401.50,390.90,393.10,394.63,"91,406.00",400.10,"36,071,590.30",674,-7.00,10.60,-1.75,2.71,-0.39,498.87,557.04,910.00,389.80,05_14_2023
SHIVM,30.71,393.10,402.00,390.40,397.90,396.81,"55,262.00",393.10,"21,928,243.80",386,4.80,11.60,1.22,2.97,0.28,496.57,554.65,910.00,389.80,05_15_2023
SHIVM,32.45,391.00,405.00,391.00,400.90,400.01,"72,231.00",397.90,"28,892,790.50",295,3.00,14.00,0.75,3.58,0.22,494.38,552.39,910.00,389.80,05_16_2023
SHIVM,26.97,402.90,404.30,399.90,403.50,401.58,"136,110.00",400.90,"54,658,685.60",460,2.60,4.40,0.65,1.10,0.48,492.37,550.15,910.00,389.80,05_17_2023
SHIVM,41.39,395.50,416.50,395.50,413.50,410.56,"173,202.00",403.50,"71,110,480.20",726,10.00,21.00,2.48,5.31,0.71,490.63,548.06,895.00,389.80,05_18_2023
SHIVM,51.79,395.50,416.50,395.50,413.50,410.56,"173,202.00",403.50,"71,110,480.20",726,10.00,21.00,2.48,5.31,0.71,490.63,548.06,895.00,389.80,05_19_2023
SHIVM,51.79,395.50,416.50,395.50,413.50,410.56,"173,202.00",403.50,"71,110,480.20",726,10.00,21.00,2.48,5.31,0.71,490.63,548.06,895.00,389.80,05_20_2023
SHIVM,51.79,417.90,421.80,408.70,409.00,414.17,"149,129.00",413.50,"61,765,480.60",852,-4.50,13.10,-1.09,3.21,-1.27,488.96,545.97,880.00,389.80,05_21_2023
SHIVM,49.65,411.00,423.00,407.60,416.30,413.89,"177,579.00",409.00,"73,498,494.60",655,7.30,15.40,1.78,3.78,0.58,487.30,544.04,880.00,389.80,05_22_2023
SHIVM,51.81,423.90,437.50,416.00,436.50,430.27,"233,609.00",416.30,"100,515,439.40","1,325",20.20,21.50,4.85,5.17,1.43,485.85,542.29,880.00,389.80,05_23_2023
SHIVM,56.10,441.00,469.20,430.30,466.00,449.31,"326,034.00",436.50,"146,491,074.50","1,979",29.50,38.90,6.76,9.04,3.58,484.65,540.73,880.00,389.80,05_24_2023
SHIVM,57.69,441.00,469.20,430.30,466.00,449.31,"326,034.00",436.50,"146,491,074.50","1,979",29.50,38.90,6.76,9.04,3.58,484.65,540.73,880.00,389.80,05_25_2023
SHIVM,57.69,441.00,469.20,430.30,466.00,449.31,"326,034.00",436.50,"146,491,074.50","1,979",29.50,38.90,6.76,9.04,3.58,484.65,540.73,880.00,389.80,05_26_2023
SHIVM,57.69,441.00,469.20,430.30,466.00,449.31,"326,034.00",436.50,"146,491,074.50","1,979",29.50,38.90,6.76,9.04,3.58,484.65,540.73,880.00,389.80,05_27_2023
SHIVM,60.44,470.00,486.00,461.50,468.20,474.69,"459,239.00",466.00,"217,994,903.30","2,503",2.20,24.50,0.47,5.31,-1.39,483.41,539.26,880.00,389.80,05_28_2023
SHIVM,58.66,470.00,486.00,461.50,468.20,474.69,"459,239.00",466.00,"217,994,903.30","2,503",2.20,24.50,0.47,5.31,-1.39,483.41,539.26,880.00,389.80,05_29_2023
SHIVM,58.96,470.00,472.00,451.10,462.00,460.32,"461,597.00",468.20,"212,481,943.40","2,335",-6.20,20.90,-1.32,4.63,0.36,482.19,537.90,880.00,389.80,05_30_2023
SHIVM,-,455.00,469.00,445.90,452.00,454.13,"256,613.00",462.00,"116,536,193.20","1,507",-10.00,23.10,-2.16,5.18,-0.47,480.95,536.56,878.00,389.80,05_31_2023
SHIVM,-,452.00,466.00,445.00,458.00,457.44,"245,941.00",452.00,"112,502,120.20","1,008",6.00,21.00,1.33,4.72,0.12,479.70,535.37,878.00,389.80,06_01_2023
SHIVM,38.84,452.00,466.00,445.00,458.00,457.44,"245,941.00",452.00,"112,502,120.20","1,008",6.00,21.00,1.33,4.72,0.12,479.70,535.37,878.00,389.80,06_02_2023
SHIVM,38.84,452.00,466.00,445.00,458.00,457.44,"245,941.00",452.00,"112,502,120.20","1,008",6.00,21.00,1.33,4.72,0.12,479.70,535.37,878.00,389.80,06_03_2023
SHIVM,-,467.10,489.00,465.00,486.90,478.47,"330,543.00",458.00,"158,154,238.60","1,485",28.90,24.00,6.31,5.16,1.73,478.65,534.33,878.00,389.80,06_04_2023
SHIVM,-,493.00,494.70,464.00,465.00,479.86,"414,616.00",486.90,"198,956,353.00","1,938",-21.90,30.70,-4.50,6.62,-3.20,477.44,533.12,878.00,389.80,06_05_2023
SHIVM,-,472.00,482.00,463.00,471.00,472.70,"194,196.00",465.00,"91,796,278.50","1,100",6.00,19.00,1.29,4.10,-0.36,476.28,531.96,878.00,389.80,06_06_2023
SHIVM,-,476.90,480.00,468.30,470.90,472.86,"189,742.00",471.00,"89,721,491.30",795,-0.10,11.70,-0.02,2.50,-0.42,475.13,530.75,878.00,389.80,06_07_2023
SHIVM,-,468.00,472.00,456.70,458.00,465.24,"187,029.00",470.90,"87,012,929.30",986,-12.90,15.30,-2.74,3.35,-1.58,473.84,529.37,878.00,389.80,06_08_2023
SHIVM,34.43,468.00,472.00,456.70,458.00,465.24,"187,029.00",470.90,"87,012,929.30",986,-12.90,15.30,-2.74,3.35,-1.58,473.84,529.37,878.00,389.80,06_09_2023
SHIVM,34.43,468.00,472.00,456.70,458.00,465.24,"187,029.00",470.90,"87,012,929.30",986,-12.90,15.30,-2.74,3.35,-1.58,473.84,529.37,878.00,389.80,06_10_2023
SHIVM,-,465.00,477.30,461.00,473.00,471.15,"230,870.00",458.00,"108,775,515.00","1,030",15.00,16.30,3.28,3.54,0.39,472.67,528.09,878.00,389.80,06_11_2023
SHIVM,-,480.00,480.00,467.00,468.00,472.65,"144,771.00",473.00,"68,425,343.60",825,-5.00,13.00,-1.06,2.78,-0.99,471.70,526.88,878.00,389.80,06_12_2023
SHIVM,-,458.80,513.80,458.80,506.50,496.40,"557,388.00",468.00,"276,687,250.70","2,529",38.50,55.00,8.23,11.99,1.99,471.08,525.95,878.00,389.80,06_13_2023
SHIVM,-,516.60,540.00,506.70,525.00,527.09,"534,456.00",506.50,"281,708,842.40","3,382",18.50,33.30,3.65,6.57,-0.40,470.86,525.17,878.00,389.80,06_14_2023
SHIVM,-,525.10,540.00,515.10,538.60,529.89,"338,457.00",525.00,"179,346,015.50","1,751",13.60,24.90,2.59,4.83,1.62,470.94,524.40,878.00,389.80,06_15_2023
SHIVM,51.97,525.10,540.00,515.10,538.60,529.89,"338,457.00",525.00,"179,346,015.50","1,751",13.60,24.90,2.59,4.83,1.62,470.94,524.40,878.00,389.80,06_16_2023
SHIVM,51.97,525.10,540.00,515.10,538.60,529.89,"338,457.00",525.00,"179,346,015.50","1,751",13.60,24.90,2.59,4.83,1.62,470.94,524.40,878.00,389.80,06_17_2023
SHIVM,-,538.00,588.00,532.50,585.00,564.19,"649,605.00",538.60,"366,499,158.90","3,000",46.40,55.50,8.61,10.42,3.56,471.20,523.93,878.00,389.80,06_18_2023
SHIVM,-,574.10,590.00,560.60,563.50,569.52,"523,626.00",585.00,"298,213,574.80","3,291",-21.50,29.40,-3.68,5.24,-1.07,471.34,523.36,878.00,389.80,06_19_2023
SHIVM,-,552.30,575.00,542.00,549.10,556.19,"349,572.00",563.50,"194,427,321.10","2,052",-14.40,33.00,-2.56,6.09,-1.29,471.37,522.69,878.00,389.80,06_20_2023
SHIVM,-,559.80,562.00,534.00,545.50,545.00,"423,198.00",549.10,"230,641,327.10","2,407",-3.60,28.00,-0.66,5.24,0.09,471.58,522.03,878.00,389.80,06_21_2023
SHIVM,-,548.00,555.10,538.40,550.90,547.47,"269,498.00",545.50,"147,542,183.90","1,536",5.40,16.70,0.99,3.10,0.62,471.89,521.39,878.00,389.80,06_22_2023
SHIVM,39.89,548.00,555.10,538.40,550.90,547.47,"269,498.00",545.50,"147,542,183.90","1,536",5.40,16.70,0.99,3.10,0.62,471.89,521.39,878.00,389.80,06_23_2023
SHIVM,39.89,548.00,555.10,538.40,550.90,547.47,"269,498.00",545.50,"147,542,183.90","1,536",5.40,16.70,0.99,3.10,0.62,471.89,521.39,878.00,389.80,06_24_2023
SHIVM,-,554.00,605.90,547.00,605.90,590.99,"844,474.00",550.90,"499,073,920.10","4,076",55.00,58.90,9.98,10.77,2.46,472.63,521.08,878.00,389.80,06_25_2023
SHIVM,-,618.00,642.50,615.00,622.00,629.90,"667,729.00",605.90,"420,599,585.60","3,687",16.10,27.50,2.66,4.47,-1.27,473.49,520.88,878.00,389.80,06_26_2023
SHIVM,-,625.00,634.00,619.00,626.00,625.46,"361,884.00",622.00,"226,345,218.30","1,860",4.00,15.00,0.64,2.42,0.09,474.52,520.68,878.00,389.80,06_27_2023
SHIVM,-,627.00,627.00,608.00,610.00,615.89,"458,309.00",626.00,"282,267,559.70","2,569",-16.00,19.00,-2.56,3.13,-0.97,475.51,520.38,878.00,389.80,06_28_2023
SHIVM,54.72,627.00,627.00,608.00,610.00,615.89,"458,309.00",626.00,"282,267,559.70","2,569",-16.00,19.00,-2.56,3.13,-0.97,475.51,520.38,878.00,389.80,06_29_2023
